Sample_ID,Condition,Gene_1,Gene_2,Gene_3,Gene_4,Gene_5,Gene_6,Gene_7,Gene_8,Gene_9,Gene_10,Gene_11,Gene_12,Gene_13,Gene_14,Gene_15,Gene_16,Gene_17,Gene_18,Gene_19,Gene_20,Gene_21,Gene_22,Gene_23,Gene_24,Gene_25,Gene_26,Gene_27,Gene_28,Gene_29,Gene_30,Gene_31,Gene_32,Gene_33,Gene_34,Gene_35,Gene_36,Gene_37,Gene_38,Gene_39,Gene_40,Gene_41,Gene_42,Gene_43,Gene_44,Gene_45,Gene_46,Gene_47,Gene_48,Gene_49,Gene_50
Sample_1,Treatment,1.5121054268379157,1.280756636330026,1.6215305233036021,1.314957036201438,0.712653480360773,2.1718006576327924,2.4571377399877434,1.0260257032396438,1.7581443481244445,1.6077682412933127,0.9965979248162451,0.9817138374631478,1.6386738529470561,0.9619144262956202,1.8138609014095546,1.8681693357880855,1.520659152906542,1.6216181704760206,2.76307730262301,1.2852517096239435,1.8750940270538254,1.4497719778469333,1.4267839883236906,0.7415583631229876,2.0292764181692555,1.1707991597231493,0.9326182924738925,2.1013831976921926,1.268356407127571,1.7656260449429348,1.5087072457603485,1.8325284398130972,1.5870058596224503,1.8422103207787883,2.4173687190484383,1.5047046103780046,1.6653350898312866,1.282540588557436,1.8435319818490876,1.3950724082219863,1.7441495624034493,2.3150096278280667,2.367596392754006,0.9581257324507403,1.1866085586148534,1.6191706377492847,1.4627900339799784,1.6190778327632294,1.7496702982345076,1.6657972679538153
Sample_2,Treatment,0.8067373604838229,1.3580530319719064,1.9014140242577566,1.4062025101652544,1.8013692153639798,1.7537501557436261,1.5718951364297105,1.4656943961341142,1.5845819131784216,1.180304624286797,1.1103711357900388,0.7684323800786091,1.8727407146926551,2.092934629759495,1.6693047800820935,1.8604928385705741,1.0479202706195712,2.003912536692935,1.2684028532362932,1.5449332344820148,2.1883564873772454,1.130580505740293,1.0409431101046407,1.1646111259137735,1.4635031375355987,1.1830469075330292,1.9600059314968075,1.1158113221548849,0.10455319811929686,1.2900211760191636,1.4241105655586028,1.54480357419005,2.0309371639161014,1.8171164125589705,0.8663267775954409,2.0702172221215234,1.0288878161969288,1.76462618488699,1.4236057039230978,1.1786299262581066,0.9939181663098589,1.902506211849486,1.3498859216366776,1.6057785959581339,1.7699524380935103,0.8280209746099508,1.5429208045888203,1.9857609396282507,1.3772932944341387,1.4090529697701322
Sample_3,Control,1.936865500685828,1.768413880445506,1.1905031328198374,2.1362090071652133,2.121336179702848,1.4105162555226343,1.3843636120209766,1.8078623536325504,1.1798455601211937,1.7116789244671422,1.4794094032480927,1.4967474765788928,1.2559859894787995,1.285951192921099,1.5008446265915714,1.1157962583191792,1.322022333522147,1.8408259940097862,1.203584601416524,1.8172832430993975,1.5698406886347107,2.0604545583395155,1.1674525830986784,1.258236981169418,1.1635439705945538,1.7455461738530376,1.5870234652642936,0.21061344840937335,1.9286422102777192,1.540689989226882,1.5248436562054644,1.9270286094457405,3.5426773165909613,1.4161657351977623,1.1289842862243389,1.4700757342027893,1.0430927824298462,2.1818446476495623,0.6604495439275955,1.7571738530991778,1.0777516893592964,0.5879700983847879,1.9077952797009903,1.673861100395351,1.2175301524510218,0.7777838476186356,1.2819034478119087,1.0491877552752964,0.6850068225196685,1.4652924281059696
Sample_4,Treatment,1.0562934151696977,1.8644562921615448,1.532959146194527,1.2839547199842811,1.3276135640373523,1.2730557165394956,1.5961502279532616,2.045714990435572,0.7831345998332405,1.0225499155803042,1.9266969040247197,0.7201395419119976,1.860762859515921,0.871804734335154,1.6156479839223645,1.3073412951187966,1.4320415186427673,2.0966547338167634,0.5357198103359387,2.1942896677443473,1.603968484519397,2.0598227394119086,1.3420370074838672,1.4078621732025578,1.4691869961320327,2.043706273541328,0.41658144063525326,0.8669395620257854,1.2532782055080571,1.7443996021824366,1.1734689231582196,2.094782659411559,0.8601580259037864,2.6857226020618654,2.3681289192232913,1.3615594357941285,1.790132201998203,1.8662499848371945,0.7734194171248338,1.8909876202439357,1.7766436838922692,1.850501332580669,1.7947153686772372,1.1354966998597265,0.506263107244036,2.116527160925371,1.9173140554837118,1.0687721860647805,2.430898837537872,2.5942233759486406
Sample_5,Treatment,1.751346811205659,0.6351091559598071,1.356255536147097,1.3854328756035357,1.0368030712102567,1.651342990605027,1.9366054103026602,1.3050872485753586,1.3070932231739403,0.904019070659999,0.5615724682026704,1.7380742929645605,1.7204710832392696,1.1390264280931417,1.2719542156019334,2.1674595354697486,1.5789011939202244,1.9880039949812665,1.8249820754399042,1.7102728843628496,1.3418003607087619,0.4246815462052753,2.191838292245453,0.8366893415566603,1.495474113111226,1.622538199607643,2.3059448444412336,2.5334683899534816,2.2671961452646388,1.3472916190487947,1.4843883674521459,1.036083817505654,0.6824987170564474,0.785259372090308,1.4198333790714388,2.220938952861692,1.1342364101606244,0.8731658102008122,2.2521299365887435,1.676291396394267,1.7487097039163566,1.9800298660984992,1.6927266602738773,2.002656868916805,1.9837554136524578,1.403190902113524,0.8874032428903541,1.11454164288811,0.722678157335909,0.6062390220707966
Sample_6,Stress,1.299202007259322,1.4109942696398656,2.107732020693529,2.8252546386399193,1.6624308670970864,1.8392206269216007,1.0454956441425665,2.042080688768122,1.004985505551461,0.47076700583850584,1.5306023157311357,1.8689468110237852,2.2518514025280925,1.6604797399187203,0.8204869260918886,1.6480038613547354,1.6531624928996627,1.21535007114081,1.3326551041903414,1.525268146083829,1.9117069338564399,2.214256134507542,1.0760649485533684,1.5754371612952602,1.0821219296856361,1.907263722089628,2.0471346378621598,1.3269874800225494,1.2110462063977958,0.2718048156749562,1.810725371112544,1.2716310486942866,0.9953647792830561,1.4615285330634677,2.3971749736715595,1.3278838644473745,0.8812863054237869,1.376592305722903,0.8630959577598104,0.5409614341011252,0.8337638540272361,0.9613474101222175,1.125452895706557,0.7094904210696533,2.0681150647898203,1.0399225425226986,1.4841614628915611,1.5244216277276152,1.9561028528679079,1.2176623962349946
Sample_7,Control,1.0911234684422428,0.8135118803589885,1.242030439877973,1.2095928335442638,0.8767442440923925,1.8676627577358562,1.922452271480182,2.0806886781263345,0.5232862218122768,2.148315248839927,1.7272334020426396,1.6639898874205232,1.2967169402041396,0.6707413251466999,1.4307707836728825,1.218070131786587,1.1887717974146985,2.1044274866977473,1.4134600519212688,1.684997556624939,2.0103289909758804,2.576230721719819,1.4961817966685973,1.5708532080256945,2.0184380506627013,0.9960299054265375,0.561251483102727,0.9569571070323418,1.2341576500184686,1.584732558491948,1.604109218661377,1.3478008868772882,2.469287184985953,1.7007435175439476,1.6835604283871135,1.9834311981215211,1.5767709401028642,2.130954047649261,1.7303971695260387,1.2435355260596759,1.4411702935185762,1.3655538026694658,1.7616830375045436,1.0928072302771297,1.5336085624820246,0.9365400676905785,1.9507009015886292,2.0082475806163815,2.0044248000252107,1.6795198509344595
Sample_8,Treatment,1.8280633324940099,0.8471294069866342,1.6927976730611833,1.2661466930890535,1.5362863216261966,1.9893365227508752,0.8945814665862492,1.2637891883085095,1.4178855950770652,1.917453304163088,2.1734655302866708,0.9708326352395644,1.5170356947648636,0.43735706040541333,2.2044834105107967,0.6728615218194368,1.423575802264854,2.568518003959809,1.3638538796324038,0.9597363613709483,0.6504229198143007,2.591783976855435,0.6526422970569798,1.8454731035939544,0.7671018663627355,1.743036127549106,1.3761165114484981,1.0919510950615574,1.1902574007934188,1.2345086585411615,1.3473168108091718,0.9907582924786122,1.7383135432707535,1.8370682423098716,1.5918372801545504,1.2963747102047094,2.676027985105544,2.072128172250749,1.2352168915509205,1.4808837021977697,0.960840797121071,1.4834633603525658,0.7181404305866458,0.8587348736924645,1.6083288038787593,1.4852607685578134,1.2890357518280902,1.7717886474958364,0.8546075035781797,1.5279801741615775
Sample_9,Control,1.7917143200944117,1.8879844407639599,1.2253582953416828,1.7674521051388181,1.6834904176974301,2.0334452260242375,1.1336093655314685,2.2490282634633116,1.4345304445684828,0.48364284657601275,2.3223399719152775,1.0454340420747517,2.1876166822290792,1.3344706332888443,1.1323624589752257,2.3848615749424664,1.5020308736817514,1.577893553737482,1.7462158861863448,1.9067217289251792,1.3666971338495424,0.925031094704593,0.6130385976640643,1.5804973706764152,2.182511998970056,1.1885163583248919,1.7321579589769998,1.886413432814143,1.1020599562916902,1.9254965319325201,1.8799804743659587,2.1549443865156817,1.0356972193602971,0.9606976708978168,1.4385030761012751,2.076369344082872,1.639387851250088,1.8895187127272126,1.0411770356923444,1.2119996856033033,2.199050369185014,1.9067706091921675,1.0852939671456951,2.35132376467091,1.4343901715453762,1.3363800673211046,1.2927947177446237,1.364188037709702,1.2526211601116028,1.6889702465660652
Sample_10,Treatment,1.6635627520893816,2.83911733805154,2.170428530291137,1.5881907157857125,1.0885086741546572,1.0414462641826998,1.9991264877443502,1.8262654410691697,1.0626813756477331,1.5688984994658195,0.9578044042004504,1.5757351339751657,1.791140606788516,1.4742802334340517,1.2257030507599798,0.8033463169338925,2.217222352274254,1.6154735620239955,1.3758870381857855,1.7756201674996634,2.316017373864492,1.9503378528615636,2.0927080481050235,0.596015319521832,1.131979594320017,1.0921104188808457,1.8993781296787202,0.5275105401807207,1.7692117036186579,1.2505373588586517,2.4098448095637326,1.3085407279574621,2.280579946404067,0.28235638553523046,1.4254657413600123,0.8908949579400072,1.0669609009185266,1.4023349152299482,0.9096767770052877,1.662078862395966,2.1377633254532276,1.3782744298532847,1.3215845772089965,1.8026763823557108,1.8523295674997,1.4032433271838152,1.3593083087646782,1.6706001591876618,1.880135791065443,1.5346631513805624
Sample_11,Control,1.6915057250066026,2.0930841514663756,2.6044112035951317,2.672239861103553,1.3668560932527871,0.8393594120883852,0.557580951910301,1.1256517449559305,0.8655478792255933,1.3003697910992726,0.8001940731894706,1.6474587979853017,1.5994412095839379,1.6777360547526228,2.1300100022402684,1.057791559981884,1.6552679519608609,1.9904758271644274,1.3065708352346797,1.886859621448053,0.5168392437485464,1.0895940186581958,1.4618898399302278,0.7241407770965167,2.048076899479217,0.8216559118297567,1.9681783939054105,1.7124779554388738,1.6319190193774318,1.7072320051067793,1.570967804345555,1.8257243733962651,1.6518343590198887,1.3665649316648336,0.3059098043821893,0.28409239364808947,1.9834991051441198,1.8057341543944467,2.0557481423661477,1.7167176905676544,1.9424050959062993,1.1560721092626345,1.464056397838373,1.7344140962787282,1.6374073066830075,2.456506608254578,2.5281079051451143,1.1765007331025892,1.9378889038191798,1.6858374719686677
Sample_12,Treatment,2.6491671590937864,0.7383978953092094,1.0945980379073146,1.4638045959830632,1.152290998330053,1.7030766233470243,2.244520011057844,1.2504604215056514,0.7297619184609565,1.351968835593898,1.87842702500818,1.572452874973811,1.6369536598854584,2.0994232960868966,2.522601760636281,1.6422409653855687,1.309752168443662,1.1532301136388363,1.1131060185651098,1.4211166389039733,1.9109041699483273,2.3314536891765965,1.8810694833931083,2.1539025170782162,2.511084004945449,1.8860491742056902,1.163238108049887,0.9393456511924163,2.3944138248352145,1.58997457485924,2.2323621831500313,0.9321439609113641,1.9339474613920218,2.15285549908515,0.6128437253113267,1.6491964140769535,1.6150117230714143,2.175081010222915,2.3850339891179226,2.5994021318096223,1.81471355877185,1.4230349369041384,1.4071593011561927,1.0706447339745655,1.8287624177102015,1.7479855800119803,1.849094917655275,1.925005178131249,1.027134206361433,0.9643942951630854
Sample_13,Stress,2.947192592885262,1.5900250210419615,1.6942952233335407,1.0303387601265057,1.8542297471213955,1.6712487239664537,0.8856031364612614,2.0001090390385827,1.6717244723887277,1.2404463594465678,0.8574047633898259,2.072759949372455,1.5246290523045247,1.3745315261357622,1.719903536940474,0.41394750715617246,2.7344041403043935,1.961076489924272,1.2555311317662003,1.3522629273356617,1.662396338924049,1.852306258790927,0.9718290022531711,1.2827303357531952,1.8083616656924426,1.3658754798562907,1.4665147344813496,1.5673158748034686,0.9413960101955905,1.171048717929155,2.058997590711617,0.753796363221069,0.33902163852674994,0.4134601917863643,1.6330737479960211,0.9734941038391622,2.282807599631771,1.6953603206502916,2.24785775394343,1.6417654773664034,2.019662686046644,2.228182650743485,1.9834882146894564,1.3153934977107171,2.6782801802874836,1.4530919453269517,1.3608215675720132,2.0776862965588503,1.6666642512673884,1.824930523704238
Sample_14,Stress,1.56997004236507,1.3182510557894007,2.2147115814106613,2.083669965247527,0.5146258385661756,1.6236068392420617,1.7866322524183929,1.0641504474158265,1.5890356010871907,1.870185837506386,2.3003653362123933,1.8797490306410671,0.742795965261505,2.0682533848052636,2.378694188834598,1.2461108562603065,1.3135176097029224,1.4023974765428193,1.7689055967363245,1.5540208393425665,1.3634215685015811,2.1973677174794557,1.7468929312675017,1.929494747978905,1.6118867160461587,2.1691872729688537,0.9078539075281021,0.9365319575705745,1.511857261721209,0.7909864314725419,1.2656317909890313,1.600202318756266,1.8033745818284246,1.2097820402705541,0.7960603848381423,1.8282867254638477,1.5332332929939105,2.0902207009844878,1.7493815214030581,1.573303309816414,2.044940879383043,1.522803888285196,1.9293989299793768,1.5436434362300908,1.7915617560700794,1.7615346880655838,1.7068142215403537,1.614983650871512,1.1593847864666447,1.914930222677089
Sample_15,Treatment,1.1900039973814551,1.8223463236420918,0.6604702332919526,1.347811567410329,1.4184479646456043,1.7238178289288828,1.5770637206420623,1.7734918764290235,1.5730924620555364,0.9509654873875735,1.1026409740295176,2.6450941924695743,1.6772747839232491,1.0809399769134953,1.896239979472839,2.058407164785846,2.2350788237070667,1.4131149633683768,1.849381145634503,1.5165144561382804,1.3839144577126297,1.5133316597044713,1.2255982567253871,2.5567155030316577,1.72301481117399,1.5762703914551581,1.813492491250207,1.144160127317724,2.380466569278663,1.3222104084505033,0.577172221801834,2.4686466864175287,2.378398165153948,1.2582015572875007,0.6261402756325941,1.1517944645222333,2.1178434446084187,1.2388622408602643,2.070950417580398,1.7451095291354788,1.8372212792099616,0.6575878977313229,0.4512308447836979,1.2477789416001142,1.5823464514910428,0.9530593507118764,1.6512836304390939,2.05486339807332,2.3204217833359495,2.216245768972687
Sample_16,Control,1.0608533311028014,2.7775278936701224,2.3634532144005433,1.672274428064629,1.4273924678574255,1.5170219118292785,1.3928483035849646,2.200351467376216,1.6644145075173724,1.5620639677840045,1.554865418530088,1.0826413186353836,0.9832125994747434,1.89037491222349,1.3170466469584996,1.268317650811963,1.2813745026903463,2.3791152772726587,0.8478314504635633,1.3731320633930733,1.8880210051026065,0.9948599551612908,1.1564063637353839,2.610627593532483,1.8898742798338897,0.6492626771629454,1.2801385555396916,1.3209129859310853,0.8918316735440838,1.5400902494406539,2.605062167039193,1.2795260108267394,0.7252957631094139,1.4878838354076531,0.9991807021023835,1.2517202126275697,1.7310617094753606,1.3496836493270274,1.593172163937268,1.2481981765015482,1.6563814091357765,1.6066885533797062,1.9763783706988511,1.2618685408737687,1.1349238830479926,2.375140482909077,1.8707714787142617,0.6300605449885754,1.2281967517124843,1.5687569188607342
Sample_17,Stress,1.4293634957934158,1.1161732008621716,1.3753340573445196,1.5426073556836086,1.097799293094647,0.9915605666386409,1.4093429855705668,1.8817880957041129,1.6919669795327679,1.3728558021053887,1.849351380452342,1.4061474904254487,0.96332729950553,1.451337321986492,1.620503734867349,1.1541194857575592,1.2767711586279227,2.035102438585237,1.636323173234592,1.1266120417742571,1.1002813288980409,1.9040948374010642,2.027180191359012,1.6673365407780896,1.5354636953467486,1.4064155479932854,2.0645134152316134,0.9224025370997957,1.2754764255823603,1.8646781716201573,2.0843510086732886,0.7218929279759154,2.7071941958633277,1.2184918338924506,1.4066539005814376,1.4460484715307032,1.8881599644671725,0.861038399454892,1.4915749606738837,1.343618649278841,1.7308011006186397,2.258949373122636,1.3404788403167625,1.008691767886528,1.922349956852726,1.7680693302643848,1.4301274154597254,1.0426391176615422,1.690431723033017,1.8855959214174383
Sample_18,Stress,1.2568028390036452,0.9806446730457301,1.4405027484438733,2.467001016363076,1.7863780943869076,1.7424749893093583,0.4950382866984353,1.7939410367803093,1.6069176272421084,1.7721531389455598,1.7896145538840627,1.491350217493635,2.029706576759856,1.5606997580204403,0.2516619155765083,0.926088818907201,1.5986611465442713,1.6393885974645368,0.9451274287317709,2.018604689458624,1.7835576331380638,1.471044938958928,1.2981872796003397,1.1568682289938264,2.58544128136037,2.2571036129402104,0.66961413311698,1.3900684441548463,1.962701415776308,1.565477050186816,0.8162938770946819,1.0292095207563934,1.2572124123355486,1.2757696081128815,1.7189170823056896,2.019488729828655,2.3883058362952756,2.011872216248502,1.475119332013598,2.178166809091071,0.90349671404983,1.989007155319744,1.239890037311019,1.3647234286419905,1.1196174349441415,1.0299636037351163,1.0449672863989128,1.8157570007403498,1.903412320104842,1.3072010937534009
Sample_19,Stress,1.8687072102651254,1.7324616277208207,1.5687036558927834,1.205407071087118,1.5708020316807247,1.284360359708089,1.255698927187957,1.931338269101353,1.5632887508542215,2.0288177046112974,0.9074580672307816,1.9387875013718006,1.5607657489983868,0.302418203819933,1.8044843535494128,2.088818646862516,1.2527554958554454,1.9528465542999898,1.9332177543129718,1.6636624607199972,1.4700351466100823,0.8423414587566331,1.7739964495178406,0.8749373285595224,0.9284984992339905,1.171934887625007,1.1235543817301925,1.9975127076655848,0.8898952721869645,1.1250752522455754,2.580997241795196,1.8943939105466465,0.9870504063475816,1.9121332162290783,1.4267582538626973,1.6442441132417918,1.179139070362406,1.1624080241428425,0.9846287936709803,2.0439937335740987,1.0791404868395875,1.0442218626748527,1.6131946644979283,1.1348393903973923,1.6937844437040575,2.455479156843809,1.7595512788787318,1.1462402896396358,2.2060567546250565,1.0082611821518424
Sample_20,Control,1.3495107933461281,2.00336341128518,1.3347599569450022,1.345900186780953,1.1856442506846228,1.027133365185282,1.2251330551975852,0.5211512185055334,0.9970841313557391,1.990864302436658,0.9622956844289041,1.966833101755928,1.5118103370822604,1.4894154749336903,0.5543298267414213,1.6122624997951582,1.3353161592558682,0.9515589698972559,1.848872228810512,1.2718780046399702,1.2958347326735749,0.3057409196680392,1.9303178672771324,1.1299771587064078,1.3713003554225298,1.2727632189917835,0.9973035040157298,1.6785700266075079,1.895852884049671,1.7427512626480517,0.46917369030782674,2.275636853713859,1.622832935801014,1.0360000936136367,2.2473329467709604,1.3107752914276343,1.651196177348083,1.786732401738762,1.454533539283428,1.748418948875241,2.159330368903888,2.028276703149293,2.085276147242811,0.6102343732971545,1.5794787589574208,1.1520808127854991,1.9543358841572027,0.9182239336595632,0.766157444154457,0.5449969822953412
Sample_21,Treatment,1.9370260706638562,1.5846151386444256,1.1486441780602115,1.833766785292159,1.3002803147198427,1.6137875899514047,2.055117295635312,2.084038318150425,2.2372818577596325,1.0163828270605937,1.6685635815438153,1.174241733535169,1.6655335276242755,1.771827752000123,0.6517854697705382,1.6649037858969842,0.721249321092272,1.0005830498069699,1.6728044525591086,1.1636753424665895,1.1313780649626732,0.5592113917337538,1.3509690189488708,2.6848346254399145,1.8608044394647156,0.9814446084469911,2.1436284616465007,2.234904746472079,2.3789919860003996,1.8662168462326503,2.00705997989283,1.341357153072445,2.1814290681702975,1.3360885060645398,1.345674090263082,1.3431864532936673,1.843535611664294,1.886898368962663,2.015255807249195,2.2328667286831085,1.765212132074229,1.9063817653900101,0.8646129845310032,1.9446017011331622,1.5707755198895257,0.9135647603001439,0.8912791327935731,1.843182964946615,1.4071938468063465,1.038182989666674
Sample_22,Stress,1.7186034271937398,1.4010092823921192,1.3002681862599499,2.3446800793750766,0.42004729555519815,1.692754439807888,1.2910274077410202,1.7277771049887771,1.2530065824691845,1.754037369612161,1.8331194384188325,1.7736443110035423,1.672178672695074,2.767013624953541,1.4700630658690037,1.1691764873398687,1.7716158224479384,1.7308307109498824,1.3672895174839714,1.4932949775854514,1.1773875830173142,1.611343496378108,1.569443235469675,0.1798989607753969,1.3091430267428956,2.4020023800874832,1.532152550859609,2.422571437299057,1.416231733634192,1.3907882058768857,1.8962591053598643,1.1109399680051073,1.1294597765048793,1.255082193842132,2.208026658469993,1.857120274187304,1.453998387002187,1.2539527164501425,1.6378611738603455,1.9409817223646548,1.633564455816907,1.5741515748214319,1.0868730776106248,2.447941016736224,1.6235477407464018,2.3835122061652685,1.3027389583222833,1.3902109390374056,1.6093061264600181,0.9997691498760495
Sample_23,Stress,1.4664208807690478,0.8526776500049752,1.6539489176611686,1.7020603622042447,1.2871882441258964,0.9091281994032103,1.3006180888906183,1.5309840777631367,1.4771606102161452,0.863028881004678,1.68192416432011,0.9152733784670656,0.7550363267336143,2.191475782654142,0.9890679663410141,1.141174893475224,1.3065253075038277,1.903155517640974,2.567622091426522,1.1723694226763302,0.762045124075236,0.7693352227351823,1.5944274606246285,1.838430388297565,2.3724164167083717,2.304471320300307,1.6053701074134716,1.5065912454414165,1.6773457539377208,1.646724233624921,1.4608594538666155,1.9690173664067336,1.760705949548273,2.0804296985867836,1.4372188770022496,1.492749922379809,1.3830623996052993,1.0580418731773373,1.0724051893715227,1.7519401778471286,1.2761054900554776,1.1181919629115815,1.1524648541611895,2.4893732302803167,0.6821538372555553,0.5969762804558174,1.9981790474182042,1.2425314903974918,1.6279401747515738,1.6064950998245655
Sample_24,Control,0.5623353123389662,1.7920963365747609,1.6052228975604257,1.3332955640689537,2.24888480879276,1.4753141731814663,1.2114229040018665,0.9425262317104711,2.0377917952400266,1.8055991347705915,1.5404363212595449,1.1862231529235021,1.4227931586178553,2.135171874441488,0.263375220811769,1.265708504898929,1.7599355979772235,0.14512910223975517,1.353105988362386,1.050614921418581,1.8614130611167679,1.6475566577285263,2.0217973425613724,1.7091462855733535,0.8986383579183627,1.8451081491608021,1.2517245915922535,0.7738252378784196,1.502128618021202,0.7356407927900305,2.0854694618501144,2.1332375368246117,1.490024823783646,2.020268689935252,1.154531305219714,1.7579433545039254,2.0700903979025522,1.621069110070398,0.7384941540096385,1.6960614478728953,1.9878446594539332,1.5865297353765104,2.043733324009457,2.360506774389021,1.8385529437822312,1.1234482880546306,0.9888771306066766,0.8652684269107888,0.25580217952598794,1.4000633053461202
Sample_25,Stress,1.839053035965728,2.1238219127168385,2.049328857053874,0.9178764633071707,1.5657403237887444,0.6398997139628351,2.363546584342262,0.825136460372188,1.5591403923886045,1.1542120624885996,1.5340577799402875,2.6536815956387763,1.565554994230102,1.8965647977474482,0.7480791708790662,0.5075643658847652,1.867327006461468,1.8311642045661531,1.2087222726032243,2.0453859448772334,1.0836491692550072,1.5032232942618606,1.5622244499243525,1.7590212636894202,1.1509559868839827,1.8097725168972258,1.7257677033819168,0.8379213773374794,1.1190922074358294,2.402420479735405,1.5967782610670065,1.9156655312383675,1.1872296704039522,1.002233048681703,0.7464597122684342,0.6733696322133019,1.851671640289406,1.0375755398093447,0.9740797405287572,2.213503321912144,1.6904023356477318,1.160679916357962,2.460072347872038,0.9055164927671254,1.0447712909389517,2.069405920866124,0.7507189788403263,2.1096824064308866,1.6896584386631663,1.844580778340004
Sample_26,Control,1.0981678745802776,1.4030340060814748,1.598153441028796,1.6834281096826005,1.1734754194834984,1.6523790501963147,1.8248707627861092,1.8243955269881305,1.4976651648300625,1.1007927772446298,2.291643154189481,2.230045260889436,1.748527795418933,2.4963180066641684,1.5405554067187672,1.1139923305323631,0.37387046313781647,1.2910202138389058,1.935633967528134,1.4314287843818636,0.9232229834604936,2.586147713587452,0.6288181072329647,1.3906195207809922,0.7429630203999849,1.1340880674625076,1.8165475090512904,2.292763496439518,1.6898584955973996,1.864893504640176,1.4655749768167805,1.655292518926549,2.144433565503113,0.6672342850802346,1.504280581190547,1.838698149447336,2.0961982237451346,2.2449487672778154,0.26934644942495733,2.026301256758388,1.3722501085278034,1.1966872821315744,1.108544452451718,1.345238751688136,1.152742560045363,0.9777801082840987,1.5726299429072457,1.0205654239514188,2.1607173828609016,1.580965281044472
Sample_27,Stress,2.2494650775989653,1.434267451882885,1.6564516791651203,1.2149931663199012,0.8559283992623193,1.3388538855592425,1.5274007567526215,1.1216691974335748,1.761405087983567,2.0998934582274007,1.6974137851823619,0.6734936995945492,1.0728597092530652,1.4802013055944074,1.875849299936718,0.9051362803957081,2.0031209418199474,2.2755828122826145,1.2259076548960914,1.8792439666644096,1.3923589334286681,0.5516434060039492,1.4722794492027846,1.1429838600885227,0.40589845813553693,0.9003795389181134,1.9685275204750605,2.3991368603573817,1.4169586526958542,0.7362976017431189,2.1826034129574983,2.021530103471838,1.5593879049243489,2.1424347516646085,1.3263501390068733,2.0915548540460307,1.6599545050785025,1.4918371523431804,1.261974477512822,2.5386706744325345,2.4556392028582232,0.8507741211958467,1.8762692757436215,0.8931736450718216,1.0232574308433924,1.7357796417999634,1.7411646998543437,1.9226449641352281,1.5487751196379533,1.9487781268928344
Sample_28,Stress,1.5056660576790337,1.5239508840179068,1.8305527253353757,1.2676061230661095,0.8831102862558379,1.404505865564905,1.8895301644899294,1.0321623949190157,1.454667503542755,1.8640685357509779,1.8816654060330857,1.3561838254882228,1.6917819127794533,0.7043913123565653,0.42057184187837837,1.8329538100953233,1.6820539795616014,1.868063884281447,1.9901099901841095,1.536511947010085,2.1298137385036107,1.6376115357022365,1.3065232786857266,1.7881411333763133,2.2618122729759134,2.3431350205921357,2.188535870851461,1.9490582518502317,1.2162874262187602,1.9160068115148192,2.3391165575245023,1.0573792184594712,1.413244696939866,1.7249778541549392,1.4382863605103757,1.4608061795701341,1.5641085080337886,2.887434833621681,1.4902533533369944,2.3575500287422106,1.8818050367858046,1.649917660637327,1.814516207417244,1.9345594599856688,0.9195956873486267,1.937880935241757,1.6369095743691289,2.295162727738591,0.7829671615563025,1.0680661644642573
Sample_29,Control,1.6191672267182509,1.9839581772715513,1.2430234368364974,1.644113026161146,1.5331764493330613,1.0385728579333544,1.5342986440706798,2.4799457350175347,1.8453109775633256,1.6933049483398501,2.151148425058534,1.9476649646005622,1.1355570609669936,1.7793404300321165,2.774989410226264,2.26224045411492,2.303768486693045,1.153143746130933,1.476813997642296,2.0982893500543174,0.816069691654843,1.4403067683197621,1.4971662195220452,0.9808210045432321,0.25436540751743975,1.3251834256698303,1.4419886609671662,2.1064753726801637,1.4244606282647834,1.5287361677655946,1.4875235193542748,1.5756992479762437,1.0006057966350677,1.2834085666719757,1.2800952050761787,2.350724378491547,1.0663887708208826,1.1467627576217212,1.9016958794573688,1.2428988742542497,1.1217316006203935,1.3920449394132999,0.6557854954498276,0.6252660115718636,0.42195935501398485,1.2950081798446442,1.3030437119603666,2.0469705921271917,1.2796690040306584,1.8515926199190567
Sample_30,Treatment,1.3523047219436857,1.7583846306621511,1.2564303687388152,0.8070815899437648,1.190835648619501,0.6592540715060735,2.0215254366500184,0.9996669404830117,2.2814127035183716,1.5384338847254702,0.9560769913803837,1.0884026206864927,1.0571481687706579,2.502429909678225,0.5014437930476889,2.0373333345749174,1.9522047577164603,0.9928960500335419,1.9522324211076036,1.6911134895369435,1.82701585588743,1.5541102020195598,1.3193349073484293,2.5086873904009317,1.9222425785487651,1.251465263771825,1.9325357917030959,2.2661727232413003,1.7848321553254716,0.5343651839961006,1.4316939557707602,0.8080969279179352,0.5770427734761806,1.5993941623642676,1.7738119558936685,1.396113932777992,2.373969617243076,1.8648948514965134,1.6985040390363133,1.957502931882453,1.5758199082898838,2.1485553633206584,1.5883990261912941,0.9985335469877216,2.324107044928824,1.9522560982452293,1.2275766637247554,1.6005715836591652,1.3050822414657932,2.384094812836431
Sample_31,Control,2.692190022133416,2.323741944420094,1.3149765552184796,1.6329225408460324,1.8469906698492655,2.173880954608519,1.1696872323496708,1.3959150006722971,1.6514281276710945,1.5981265043688835,1.267740707006743,1.7157752806159976,1.4533430054899759,1.3583126189116066,1.61269098922531,0.9674950128476122,1.454271045005337,0.6860871860228102,1.9303311653445054,1.2055026090620824,1.2011380848010145,1.9049485321575363,2.2440983625456106,0.9137256045736292,1.1141923874747823,0.7891542861753116,2.4208648550481606,2.047486833859262,2.2196747217372286,1.6625402895774388,1.7660584068221044,0.9362460029869829,2.228778701599574,1.3642695476673166,1.6237227243302594,1.5144288302854643,0.9732782101153912,1.6305787001039815,1.784099036680265,1.2011795861014722,1.0282581580828403,2.3468692131076794,0.8619571507033882,1.2057945974632607,2.4244003095804074,1.8775896325623616,1.273421821129671,1.6307222142519402,1.4226872530372783,1.9091493688352748
Sample_32,Treatment,1.3088735978164154,2.144136397680634,2.5564688267494184,1.9779562617874062,1.5134776728838988,0.936539537686991,0.7425887920051528,1.9885723653560141,1.3531169485586396,1.6632725409125364,2.231861953458022,1.1651207317538184,0.7012610520318963,1.708434745818029,1.6602279358484853,0.48398634676230223,2.0403754822556652,1.0770190653581577,1.3046557209844367,1.9599235262319732,2.637773663044702,2.079333512374277,1.2517891952520137,2.1203449577539555,2.3736602946945133,1.9577549209619103,2.5875343764035907,0.7836633563713563,1.0768272122111533,1.59051568341772,2.2918051940268405,1.2098517852642254,0.9299349194440226,0.8885632548224754,2.5478403297426686,1.8776755009133832,1.7946906751393197,2.331442157552304,1.2361939017799874,1.3236064444954738,1.7777666202303646,1.0004153872588866,2.0506061149870876,1.7010654388749165,2.0248454006776084,1.0729535292675763,1.5413696690630536,1.8444516365968138,1.4961746442915775,2.2849872833653
Sample_33,Control,1.8573276704012667,1.7467034451627061,1.7743333775263828,1.2758622558439578,1.2392155030873588,1.7890990887133533,2.6036405506274605,2.18483134288923,2.42934658126609,1.7297828693179436,1.4009499198125313,0.6113779833776363,1.7445659452690085,0.8461111540435289,1.3217036594486304,1.5834870061115611,1.6410858048654164,0.7199125151189129,1.6465370755205904,1.7076791609761994,1.051662041768993,1.235887222602848,1.8436157963882687,0.7499351035600458,1.2424154992751522,1.866360299304083,0.8506065724189991,0.9112376704720531,2.0999331582410687,1.2943657071966144,2.487226143377421,0.724511312167801,1.9397556766481983,1.0699897049858569,1.213912352006331,1.8162089348750334,1.1291669356405907,1.304236944074305,1.8350690410916373,2.0823950593521663,1.1608831792303815,1.9166286358641955,1.037930473392551,1.3325561565634763,2.6135862504026486,0.7101243137581605,3.4028003957989243,1.6315716902078683,1.525887146333203,1.1298026963445498
Sample_34,Treatment,0.8060472221427241,1.0569216873448903,2.1889481410184644,1.7943291460354307,1.8478326437326238,1.361409564568908,2.3559831182378486,1.924010066702007,0.9081350428121625,1.465475619782965,1.346484733349255,2.304184182632169,1.706387427743164,1.3962452931479343,2.1652472224475057,1.6500095736550355,0.8454186057317347,1.6525220320712612,1.3832562626451843,1.0093984955853534,1.0393833061105227,1.1991320851685359,1.9894556304926814,1.740863153626801,1.5867130000856715,1.1758598149529838,0.9065472966678405,1.806581629854954,1.8509859941796436,1.2816566186618226,2.218624954123358,1.2579489222458171,2.0053490371294354,2.0565297817644903,2.500681333763737,1.294517898063941,1.8360783461117607,0.8948022265407937,1.6638118132671533,1.8812797496173328,2.088235604933226,1.8471447629516318,2.0519708199453053,1.91846229558998,1.677485297572176,0.7208845634017139,0.5205453032518836,1.658469241768956,1.0167592741475833,0.7570366250200824
Sample_35,Control,2.550834193448689,1.494821855520662,1.859644983751246,1.5778702442663401,1.7713085695368842,1.1210774129144645,2.7491205837443795,1.2979030994870466,0.9584437694609834,0.9724607929145428,0.897803873779291,1.2907570377462505,1.2834015210348562,1.0266240950539598,1.3967070935519101,0.9650108098723988,1.735443681642053,2.068169187417846,1.9033404903619748,1.0701303106832718,1.956448061887622,0.847404925127822,1.9149758901059886,2.2651108676044616,1.1966265682463355,1.221462759234273,1.6633405285315792,1.468009679130575,2.7192679109997666,1.8538432012118866,1.9221828626677817,2.2587276145807667,1.5685164406646486,1.1540150710092703,1.0294507692436792,1.443842696459473,1.7919334841991856,0.9934291818434259,0.9577447056761975,1.9404725592766403,1.598313785221769,2.701421997717527,1.2243569682044604,-0.00025631108500379085,1.591435204953564,1.7204497456229093,1.2681155368845096,1.333436875879559,0.8364766537813559,1.877560091937139
Sample_36,Stress,1.7942386917209265,1.0506640907465132,1.6915505869599252,1.3525432944706406,1.9486316241468005,1.503999286683482,1.6566651075641428,1.1687731958606453,2.067613052795768,1.2557697623463198,1.5303015026074647,1.1760610197486088,1.2599366062341888,1.2022996165920503,1.4125923263081013,1.907105704473589,1.1567716584770147,1.0293764976098727,1.805909983611376,1.1013411192970832,1.714733352019099,1.6138748750007965,1.449297540981816,1.9326610279709862,1.3816660232179665,1.5873694734133086,1.2364518353355574,1.2282415274589986,1.3440870871838428,1.0225327940258064,0.5537189110359902,1.845004863164222,2.088187944485501,1.4044701028623336,1.6393034441208145,1.455121568446077,2.321891207951618,1.981534375904402,0.22459267740921174,1.3740714363574031,2.175256507878506,1.9228226704685083,0.9541485662877364,0.8041462256832507,1.5559636330915694,1.475286478068836,1.2182234166912314,0.5614978802513828,1.4060319400584396,1.0950945609153258
Sample_37,Treatment,1.2684427870218127,1.6373722567207318,2.0265662858128497,1.544142594597416,0.9698735793352558,1.4235826633084807,1.5304848906559527,1.9594724269164217,1.4189487822886635,1.042393307269232,2.640317742872127,1.5036506569405816,0.9050350683515453,1.9112394758203086,1.5159604781059117,1.4802334848901202,1.4515649078340642,1.6433650052081357,2.072536708998032,0.7622399589932715,2.065956746736874,1.4948512417729867,1.8179785738764,1.1415151612908891,1.669163651274151,1.4916888462612172,1.3469342343132693,0.8375646143122862,0.654606027590294,1.9136184037232047,0.8769043518407433,1.7316029216041677,1.340630166976164,1.8123321861278545,0.5840356382000367,1.9683469001815401,1.747994685604682,0.5934877221395672,1.4364724247964722,1.114809438343213,2.1359379104111555,1.6315143804221086,2.1086818549854645,1.4330142373370738,1.5187658831077928,0.8403499848055224,0.9893392144895937,1.5422854469568386,1.7859530319600694,1.324552146246725
Sample_38,Stress,1.6832796382679067,1.4985639751301114,0.5640897944814712,1.0283513315308046,0.5836629466334946,0.7754286616019531,0.03775320028792395,1.9254295017844627,1.2123063275957007,1.0713541898331327,0.8177028619439164,1.0577376311121567,1.57160041647497,1.8554072058673525,1.8221728890427198,2.172422033465221,1.1669133232527964,2.1057800653746233,1.0886886503174558,1.6427374699233055,1.3777266178855996,1.85046334646074,1.1299013749317735,1.371880627824699,2.0412684871774,1.6233406054855617,1.4357619723882928,0.8303721181010008,0.7457552765954564,1.4238047689384943,1.8072006404141931,1.295452330238828,0.4012862120635783,0.9067117607258325,0.7028924722930345,1.465702646210023,2.0236487926769007,1.7864426627098027,1.1650139286106567,1.8596909155046386,1.3237474701893508,1.759819133381189,0.6498423733173562,1.7779748019545987,2.083239969940693,1.250979465070653,2.0633748077672323,1.5538700449680016,2.183274822218061,2.102671332433138
Sample_39,Stress,1.7233470112071436,1.456813988279871,1.244684779817691,1.8093880288993316,1.740855449687806,1.7007820737492796,2.067773761498464,2.500621468515037,0.538468385791989,1.4693552370782708,2.29543601498982,1.6333195704550962,1.2547204032506718,1.2400371943120663,1.3114012005423508,1.3726267860066397,1.6785227266227276,1.7653704677618136,1.4632926925939098,1.1411312704098522,1.408458000590918,0.3411958825615602,1.1756256692113234,1.8319430615840495,1.9276567652023844,1.9383439996976097,2.03068507744459,1.893549819441313,2.4265054987075882,1.6106831856646104,1.3162914710575828,1.0206393620560112,1.0421899033927764,1.9459251546281227,0.9186678086331552,1.7202687540741732,1.1243668248544045,2.6887041671031096,1.9321026248907207,1.4659481938236327,0.9339754512774269,1.9902103152472121,1.9332643642993306,1.842912736896294,1.1387053809395133,1.0079686735464084,1.887990041164296,1.398127636472164,2.441065259858597,2.698614106277886
Sample_40,Control,2.4625869455089155,0.8760868494100468,1.4756031519181885,1.5355337598856675,0.8128031690406944,1.6197174643622738,0.9720346537281922,1.3537324353006184,1.8163966027355396,1.0386270153772728,0.5953018991566066,1.8173387528979283,0.7851192300716116,2.7115830822901623,1.045475411253512,1.1203352583995594,2.3017406293318183,2.032413649001963,1.3730885272303297,1.5465375326547544,1.5570164786652978,0.01817519752373964,1.4339969343200893,1.246218817900069,1.5024546851743785,1.2729430489329794,0.9018637041061621,1.4246638049343339,1.435186396620995,1.4161707868596003,1.4887546956548923,1.0379815370852936,1.3356412435663723,1.1020613765654472,1.4531916463776464,0.5428437515692014,2.399877890246519,1.7029547895814994,1.6640538996956629,1.604764839672648,2.0623630796744634,1.5489927933425456,1.7426883734416014,1.0969429002736057,2.2220134437745687,0.7317037300524791,2.479633350620358,1.744290337791773,1.2369578723798986,1.9417423167275132
Sample_41,Control,1.0148777826255686,1.4535580035112636,1.8727437032690388,1.9174379914346775,1.0491405997436687,1.3653978883295783,1.8147092561129319,1.8968527867069715,1.7382726589325403,1.3509314284813225,1.4477663431692018,1.2542320118871357,0.5870810607329449,0.9289459085064826,2.413607934784118,1.6330465198798303,1.743522928386565,2.184048496917572,1.435617870308565,1.6119910939835844,1.6010017440450866,1.8481613673976534,1.3932416847394302,1.2070064845832011,2.054457358613694,1.6073554757490514,1.4843282078989173,1.7633803598001414,2.323627027342203,1.631549083926413,0.9969948710404547,2.3207951126446447,0.8929433421782937,1.4212679693330974,1.7884144966368445,1.749903943373788,1.154266410044261,0.956505386998348,0.8719975822810772,1.2596672294207356,1.4420461137413687,1.3789962300011733,1.7009666934906087,1.6870634893848293,2.0564847122407963,0.724159200843824,1.797481492934847,2.095319996706435,1.3814375863093926,2.0315206419549368
Sample_42,Stress,1.1126372894476773,1.9880394715720011,1.61526268721867,1.563863472151999,1.6143066501839958,1.0789426879364663,1.4098938267134578,1.8899706072933606,2.2327262221180204,0.7316494213965558,2.092418093035139,1.5413512408389403,1.6692257656040514,1.9816336612449184,0.3975679935754872,2.234294753680925,1.0330201798632537,1.195972297005201,2.0726744000909725,2.041337792440495,1.0756735691625234,0.6001971489723994,1.0941816688025687,0.6614920936261981,1.4258089322490677,1.156745670967391,1.384438719041513,0.7106682719015837,2.2371181995334597,0.9125384537417796,0.7267436216111989,1.5795397875673378,1.3565430404418617,1.2563559046142587,1.4063710905265665,1.231573531273388,1.7592893975507988,1.7304888196172659,1.009913503746771,1.3444563671486032,1.981419608443879,2.039581523283113,1.6536949087600337,1.4795773386108853,1.1372922669406758,1.4395671861654458,0.7076219795332336,1.3328928735684162,1.8772933849093474,1.1763659070426284
Sample_43,Treatment,2.553059914638933,1.418234388144411,2.0684382948238387,1.8449995702271642,1.042055669397771,0.7511179082155867,1.7625975884489347,1.1633649206405212,1.2543656356490953,1.6547361852661628,2.122789973420292,2.7928607802056256,1.0480620083350534,2.047683676175803,1.3851746544247119,1.343839438925326,1.1593806628555539,1.6331798375361475,1.0312871404628972,1.3731394054491308,2.0507345958405967,1.3368741785215321,1.3256536729844743,1.4638586533851012,0.8457809326745248,1.4545149820910888,1.4097201344686048,1.2652975487716507,2.552154512720981,0.3256812920324741,1.9653322638784934,1.689912808402034,0.6930529074057497,1.0326190836938771,0.6689102712157546,1.0750201143770273,1.7566923011918014,2.152637825433919,1.5735392736925586,1.5181656320532793,1.9520538975497808,1.0826307282456158,0.496382200862888,1.4493663839069404,1.3361618465391492,1.4065676406615457,2.029406202916402,1.9127539559867142,1.133813050921038,1.4862175158546227
Sample_44,Control,1.180682760424307,1.1692326546948242,0.8739279128338624,0.8102899498559656,0.8393345168353773,1.597413664009093,1.5529731950011494,0.8031830133000809,1.4501722412342222,1.0863148113070504,1.8141199101123848,0.8846772044370528,1.5955138340811656,2.0110629025814237,2.486165810319929,1.749715469583394,1.8868057584565459,1.6623607680150672,2.5381255629484523,1.2298234925886498,1.193332345760628,2.0416789569769476,1.9474135614520292,0.9625054804645865,1.5291814674274211,1.0393552488856734,1.1743360348662968,1.940252763374991,1.7863725718806898,1.2147720854635244,1.065147335072801,1.8347321930976348,0.7134767402465897,2.1480766601675985,1.3468696709690395,1.3423662864857107,0.7283074799480775,1.086282234272608,0.8273019194018566,2.1129266959207635,1.6852727395108578,1.2964461334934099,0.914850480520724,1.279363521852311,1.5676344194219372,1.8193514529292398,1.5686754373695677,1.9243750499824266,1.8031985723872062,1.3154815658583119
Sample_45,Stress,1.7299083757287712,1.9796088760526818,1.790327977266184,1.5137938135379816,2.3295568121538546,1.944637551732498,1.7787357160335966,1.190755630569606,1.2104974761277743,1.6528138826169163,0.9966868535229754,2.565112758549996,1.4775882412361871,1.181933671291516,1.9766378834876033,1.4873653282033197,1.1129238454995714,2.3959881553380615,1.253336422598763,1.5655162667371096,1.6959040878146443,0.6024678992591661,2.3447095577349213,0.8970238818897045,1.8727659525484068,1.478412940116457,0.43569377024199585,1.2875342429768952,1.5026275259268556,1.3632651638056479,1.6601703838320656,0.9816696369678638,1.0992330763480171,1.7990147113354436,1.625234687974569,2.1461966734493823,1.4127517503302371,1.1590574797482698,1.6664820100353892,1.415926051889692,1.337282911742003,1.0630247225784422,2.3999285083132422,2.302839457570976,0.769427621653705,1.867550275562431,0.8926607301621764,1.113198786399222,1.0315921634489773,1.5395966872271865
Sample_46,Control,2.1979341752818664,1.3708352398473365,1.5853055477278937,0.8014510431288852,0.8645819840335675,1.7251070570660878,0.931414612679645,2.0415386227948162,2.433736945696276,2.0552399069732687,1.3856975928284292,1.5306588031532973,1.6312254779805977,2.6681158507362146,1.8592630685100875,1.1006903218218829,0.4270436859057545,1.333729661569444,1.6781115497711583,1.2700680519004914,1.879598109711978,1.6813700382509877,1.2319038858859204,1.4105377354813482,1.1925772077826182,1.40425476099364,1.3651813681875644,2.0568161608642543,0.8750155285416079,1.8455010026547156,1.8544332430265693,1.595058853615521,0.7146520791137585,1.8315042408745754,0.935829856637896,1.947165586059802,2.0165936106479414,1.9431929584353562,1.2332040749066568,1.1240719039509501,1.0133165608918495,1.8161527392045214,1.1235763756438195,2.094886840221703,2.4820236347845386,1.7158705163592871,1.3651531319435084,1.2211277990117766,1.2629617770698116,1.2205021516010683
Sample_47,Treatment,1.0299922812025777,1.1589605187800789,1.0551081014864077,1.4217376617291524,0.9417416117796596,1.281138701150294,1.7976563382135797,1.2680660791705558,1.2864343332563861,1.5978250027269234,1.6294240736912518,1.9446440593737477,0.7980904660524358,1.2117409890690127,1.0986509444800925,1.441894273773875,1.5499372287539939,1.4734290829128625,2.057086288999372,1.2779751030298132,1.543274338419244,0.8751940568919553,2.0268377880651522,1.3014242583703943,0.4445388890412372,1.5064735649816288,1.8845676317712026,2.0037158195529168,1.6645974350831094,1.3896415425804767,0.4861317193806398,1.4493774119993432,0.6266173859879489,2.166300206628476,1.2364188499522355,1.036417907160243,1.340660502418318,1.5421648339998777,2.356439840003812,2.683454059961811,1.2172533981336153,0.9664689442499704,1.383890817035627,2.228336541637632,1.5149663800901019,1.2307153154837982,1.7292439119125758,2.339786484454531,1.5151495604690455,0.9001796144867964
Sample_48,Control,0.5387175204938291,2.3637025904341358,1.56810642040074,1.6629792073564207,1.0638228776707044,1.975171036938796,2.0238164753336267,1.785515473051284,1.494903149659368,2.4424750745992467,1.2603576256224347,1.4684453231845171,1.8950708523572217,1.745251168157382,1.9499482592945543,1.3017032169874931,2.1911149904599023,1.8917227659981486,1.5694183474603562,1.9100321674991683,1.6336280965810994,1.7622478817132599,1.7209187379719972,1.6167197843356942,1.6785242788864192,1.9458560437954784,2.1367259330124906,1.7019053520944,1.5937721597044245,0.9196823614138266,1.2132588789339778,1.3208838378187768,1.2307696910117258,1.166690868596069,1.1334971903031545,1.4065572508411663,0.9565544476579596,1.5301552479135114,2.106776753544971,1.8269573943848831,1.5487400398579292,1.4951375855949032,0.9272571133188399,0.696394308773959,1.846714852002991,1.8097461529587329,0.9787730824489339,1.6837858482433201,1.4848083119473081,1.5286104891659948
Sample_49,Control,1.4852506890217962,0.8667420951020647,1.1131229746982623,1.2524668656323834,0.8434768641542951,0.9163241693319171,0.5306888743784103,1.8734462544727442,1.6501461512104243,0.8359106427054936,1.736425537048316,1.9152173705085893,2.2135727490554333,1.8027427862503496,1.125696909319804,1.3882823121031387,1.1652701550243725,2.5457522266521986,1.4586219690732436,2.0423276667248205,1.1953523014173149,2.0618098952648327,2.1670618661936283,1.928653170617052,1.0387779240400281,1.5254204224746748,2.0120406528586727,1.7831225002532043,1.1566820278324523,1.1501708469870984,1.128725454306478,0.9470378076262833,0.5655943026009524,1.2489981378239932,2.1492623260830612,1.405578342437504,2.314219647968719,1.973528934623032,1.4251559208220752,1.9890194797504326,1.077914945223615,1.9201875123626488,0.678883293675566,1.2439774668963597,1.747712842502136,1.8415267223858034,0.7572731817125264,0.9101337904661898,2.194352605899206,1.5894513191846122
Sample_50,Stress,0.6056457200697144,2.003258851383982,1.4067558231785815,1.7835157027072421,1.6672232437584185,1.368745628457516,1.5597715523392366,2.453608689830633,1.332611236182778,1.8163392920193273,2.0058929638535687,1.1294380096640726,1.4652664317331034,0.8692215960976066,2.0717134719899075,1.1046353474715285,0.7857108830091915,1.6315515789221198,2.0762327224479202,1.3610791068296832,1.3704309141562951,1.5248514379279323,1.173437033909286,1.6630121051924673,2.0090367816697685,1.3794028553505673,1.8858946899485427,0.9871443429068627,1.7603110305325753,1.569942945371944,1.4401791966119746,0.8248748908472913,0.9102462598955963,1.6548559499456974,1.2228546150410669,1.1634392548105266,1.3253539746079708,1.6497834887029703,2.5057614264525516,1.3169290625917065,1.587736769266771,1.5446580993801171,1.9409737502606565,1.8765945165117717,1.2682530205241234,1.6593117817685725,0.03769096524277016,1.4745369398637231,0.5564166096181742,1.5976379115152244
Sample_51,Control,2.4870587717134782,1.9630943585813507,1.4485515463576566,2.1949086557518775,2.0017839126103194,1.582585608207245,0.6443165201210109,1.4783360561777499,1.25680395409366,1.1463837495749258,1.9393563897229193,1.7286575305941736,1.2854475999833164,1.4345024660510637,2.0734240776433985,1.9709472286986842,2.101123005676977,1.1464421962711322,1.2116877714264866,1.3941581278562698,1.2156423377996262,1.9109763956641461,2.5198199780878325,1.5309339470567835,1.7144189212148622,0.8176562232643376,1.4640098728776865,1.110824102050163,0.9713563700732262,1.834917529917093,1.272015764553992,1.2617971407974116,1.4239648101436313,1.359792730341974,1.387872438955205,1.279738837878646,1.1928414100187157,0.5664655607197722,1.3218793568071143,1.4875547101473485,2.254217464429859,0.9199689944250932,1.507347114230464,2.096555199816534,0.7423226470135553,1.6435744392914,1.5102125496974343,2.168028306569583,2.180475992970287,2.114607985729199
Sample_52,Control,1.2534523166291427,0.9921727577930838,1.6894514596265402,1.7541654397729785,1.9343879762731788,2.382542899770426,0.9365222685761575,0.9074115896510209,2.243380909900312,1.0583400768808333,2.728696769219413,1.8615043600000707,1.7406530481109206,1.730566660863315,1.3375965895105566,1.588833646086252,1.7766328734756347,1.1663167259441691,1.7156396589926013,1.5798285884166916,1.28397349757712,1.6838627566625126,1.8127430248925336,2.2568754176479615,1.735755899586982,0.6955856739559476,1.2027788234653685,2.1439018611779055,0.7343046878702727,1.6492092485070722,0.48435028520882106,1.6570259803567398,1.774733096466103,1.6408397264360577,1.5385742996679874,2.0908574398064292,1.87322139469763,1.8751718906101942,1.928569857636698,1.8567278392029622,3.039874337627989,1.3603933596257656,1.355043843432031,1.5512401882958755,1.0124875037621788,1.832627246191017,1.757176111402365,1.3509722506397606,1.1574524309439984,0.8254659572850422
Sample_53,Stress,1.430875687262272,2.3200817786003065,1.6447140146547268,0.943858141498523,1.6448740485399478,0.6599062238408623,1.9037556701640128,1.1108986197967106,1.043114010257637,1.9880070993745824,1.5102473788740474,1.0696515374021902,2.295461740550292,3.196295174863395,0.8927563654404727,1.6998159151627945,1.399823808273986,1.2520189627169263,1.3111900767427467,1.6614451891702036,1.2449422404148283,0.9206234199890807,0.6247397157810339,1.0264359230996376,1.9700721939529093,2.3889488930135823,1.7186790199352715,0.9463980379664062,0.8181551969863317,1.8043578696256082,1.1249741474306365,1.777558270742632,0.9910387557282508,0.8032569436302233,1.77148441273037,1.7864506749498767,1.992298750314053,1.011477344633047,0.34750119184663886,0.9124862204012549,2.0488362001433353,0.8851716759767535,2.0888589023557245,1.8874085439391672,0.9916306941064446,1.6255165338797457,1.238923719761953,1.1932906278781987,1.1579622342376885,1.5170493572499775
Sample_54,Treatment,0.8403205919251507,0.5868240838425973,2.1400543116746986,0.2676431166340809,0.46105230488715154,0.43734355724937646,1.4327068534505703,1.0115966582560438,2.116291082245956,1.9850299333522847,1.8426365494525343,1.5037769953255695,1.2573212508754188,2.0573334322178183,1.5836302500211967,1.3433843677514574,2.0830296251153264,1.6782440104190741,2.035101277042096,1.4546169037073406,0.8923353959036732,1.3299272266053856,2.060631757642963,1.586990220236407,0.9203622512403614,1.7013752090320764,2.3361652477689487,1.5970739262682296,1.6776110202006616,1.5662399704548442,1.235888253519933,1.720377816954044,1.0562431418393896,1.3359088282204252,1.3855536829193524,1.4488622867864787,1.3628671877102327,1.2550632842803293,0.7979827495157443,2.255243954087583,2.3840960620433522,2.0533354372735837,2.000600165735583,0.695992159579433,1.6162984910680145,1.5714177761360528,1.126858838007244,1.5727156418229316,1.5408758834002192,1.9865795304519052
Sample_55,Treatment,1.954097928289606,2.1996094385891567,1.8029501043996,1.7139512310655345,2.0685728237778145,1.177326774753844,-0.17980260284772487,2.03224563449805,0.44731402155274935,0.7749064972521433,1.4122482382395862,2.061931223396378,0.8895245925611699,1.3104496799406173,1.5503449286280815,2.032519854173006,2.040908674066822,1.4037624276499836,1.0976498783115838,1.6350030658043975,0.815686040979035,1.543043098405588,0.38115531922921586,2.1032196940445074,0.9577966483634741,1.7169723353748876,1.6253986921667491,1.0744421567923341,1.6478590897915495,0.5742068520251349,1.736057903155479,1.1899733695301733,0.6535531742173448,1.7035502976087717,1.3333280955800728,2.576499607883795,0.20626029440604587,1.0329813568415043,0.7839381854726741,1.3994084880370974,1.4901262036058396,0.44974291506980935,0.8442825851848798,1.727074370807008,1.7490889175551048,1.0299074705630655,1.7997833955301352,2.0789340838763266,1.5492477335524668,0.9926842575717479
Sample_56,Treatment,1.4463273784370687,2.1265597902612114,1.471130398131813,1.2150174017465674,1.1711836787266086,0.49855786090955156,1.3454155021218168,1.5793885555274285,1.2018856764748544,1.0443717061303555,1.5935134957369763,1.1406623416697326,1.5349149521598167,1.8359480752070798,1.419790532098031,1.5456035610128012,1.3881073974584786,1.6716871024431506,1.4763281323750126,1.1286594654607252,1.001138143442242,1.2759649833879037,2.2679971976471243,1.6093653727713155,1.8916462476034015,2.375387551538652,1.4054408929189175,0.6835295676702747,0.8505636332025456,0.7913484520473617,0.9142911096695174,2.2555303800772544,1.5148053213695063,2.0716842031558333,1.507726035177658,1.271762426729498,1.8543858933779145,1.4438446594284782,0.2706566479489767,1.092166211392278,1.3496629431382337,1.7202445331715257,1.1173167320202424,1.5955498598994013,1.8268380236666504,2.258169580315186,1.1048611918585882,1.5635816081001601,1.2298517637811117,1.3926045533770428
Sample_57,Stress,1.531753331532435,1.4941753627965615,1.822345636061572,1.0793176862929803,0.4849802221480335,1.5465926227690048,0.7939634530700181,2.65093436222292,0.8180817638632443,0.6743343633477065,2.1569011636129987,1.4714465914379686,1.772132667868867,2.1485601254374944,1.8288699729572042,1.937585723546456,1.0497399237777976,0.7783689773516578,1.4836414635035744,1.5910463608557484,2.4294013816317714,1.8225547109708296,0.7126664414162122,1.0477544946484585,1.5256816962628905,1.0832835270660934,0.8148101858329109,2.1463455679982006,1.5642066944406559,0.20076178468578965,1.3266005270473262,1.7861634019594472,1.5189241938930984,1.1026266075000402,1.959551692286376,1.0166790137919806,1.0049384747147243,1.4114388300286433,1.5457955709980105,1.1329331376587741,1.3867850442442435,1.3299427694012926,1.253641392957827,2.430060406426394,1.290373332135508,1.6237410805656072,1.190643380159045,1.2930146756922816,1.8033307367343197,1.1144705877012049
Sample_58,Stress,1.2946617920680763,1.411257742850922,1.0791838113638508,1.6307557159432169,1.9087048272681388,1.9011119492211173,0.7960696872134743,0.5463349826184961,0.24563801733393498,1.5196682146916938,1.004018450957443,0.7524114196120422,1.7163804704339443,1.4023777657695926,1.932159716487142,2.157250721135892,0.7967927764904501,0.1940249884168157,1.93758366044522,1.7490641839390983,0.7849453191135302,1.8193735641410393,0.6881341555533553,1.8597203091420043,2.2253865340002315,1.800392494569052,1.8209045877858032,2.1385739464347586,1.5016061552414648,2.802039586265806,1.0685100243937107,1.8610368774538948,2.038099691295161,2.4045556261429555,0.8111006512924074,2.4534166725272444,2.6366583702789548,1.868738496797829,1.0676894128001717,1.648896295123541,1.4210622215470885,1.3226971695899992,0.7015912896400293,1.1489235286821062,1.3505958813740722,1.3124761093184643,1.1478027684068275,0.8311452235149939,1.8611530153925893,1.4700231126005847
Sample_59,Stress,0.41525895599313767,2.005358509179695,1.069670513871514,1.774719609816899,1.7379831578089142,1.861224202420483,1.110737960716509,1.7229123962368884,1.5782073233840979,1.6513021368582406,1.9612771217139144,2.3704541057027004,1.0179601710824082,2.0713792955361687,1.1482102512909018,2.1372497754674313,2.004799632949721,2.0197882429303906,1.8085133348283684,2.1323237841229616,0.5530517175615829,1.9331538556511774,1.5211553853283626,1.3395520082789927,1.5956534876729678,1.8945025603903491,0.17727622047509373,1.8256648782608624,0.8327395788561784,1.7055607806689326,1.989733024534257,2.0659261342100526,1.9286138210443435,1.133242367411866,1.3582860094959068,1.4392444226991952,1.8592471180018855,2.0082292376759114,0.6523175648962426,1.1245590773614145,0.718779218904517,1.4637073957169313,0.673963318552603,0.9678947138839631,1.3918023205766556,2.5305683346248244,0.8297225060788188,0.7846183789973272,0.254750820877754,2.0369455457659544
Sample_60,Control,1.3513085938870897,1.0315826610717589,2.4594516340534636,1.853831813343556,1.0386398680640716,1.760336119736305,0.8909199562916726,1.6655712668447946,2.585269639879155,1.1236337291321095,1.0793428551178827,1.5178301358007624,1.1553797186003845,1.0154124645892797,1.8759309641091813,1.6255788735757308,2.1889823018832715,1.350704252428284,1.478936678310235,2.717067621696693,1.3713279860752987,0.9081026176040178,2.279038090456051,1.229125664948536,2.0019979641212324,1.1604991930594917,2.2771963469270218,2.8220795489368875,1.6786139368882456,1.4870379984022515,1.2010604666778062,2.292273351212414,1.3208363325403445,0.46875499485859917,1.6649628004742283,1.9274413875059262,1.9726800307098762,2.128405994991118,1.6137816085222139,1.7457678631002889,0.5372635612681765,1.2387405982081257,0.62346089029548,1.3676159288125522,0.6096052011070775,1.8832631064361816,1.2843106313426993,1.4988261314693903,1.354193377008395,0.6087891813612768
Sample_61,Treatment,0.44574394874821044,1.3760010238516036,1.5768343596979195,1.9375116529744023,1.3333558485060215,1.4830976381270051,1.3672557744107965,1.5480421475094772,1.1797610982845719,1.5126143989927443,1.2764932479190785,1.6138007929613725,1.4049521600081247,1.883685170791959,1.4003085201873313,0.7305283750629848,1.5646180726650207,1.5479774563442643,1.6051294369936193,1.7291524745799254,1.4009745668573936,1.7247893474532425,1.523504377422854,1.7835349334720894,2.0270101774114995,1.7102570181674648,2.4321893329082123,1.6309848458848986,1.3928354794425386,2.120334094668431,1.4639425263813481,1.3072190352034407,1.5962148156565839,1.0952271900969446,1.2864186601356977,1.316446436808017,1.8167835902681713,2.03473662293001,1.4851998385085459,1.6379874948355586,1.8208253854193486,1.263867561347265,1.0871816707604778,2.329669827746258,1.958619797162021,1.7800476987884697,1.3263570621433254,0.7705186730227005,1.4198956555248412,0.47022292072237004
Sample_62,Control,0.9340753717329491,1.544109338501646,2.048063755833544,2.0808281557184065,0.8485280750032826,1.7639200890775302,1.066737514099819,0.7634877208704559,1.4915719545641726,1.4097500889580008,1.7270571065087965,1.928661352774264,1.9828618226396455,1.6381335322925525,1.5025152389603755,1.5741976760764778,1.4583442789977503,1.343270783635624,2.2338398527841163,1.1902905927817735,1.638017794478345,1.3695035187951625,1.3309421919765043,1.1391727164688468,1.711803783784189,1.8496877614402136,1.540797467914815,1.4629206408349873,0.9762130109687356,2.062510793974689,1.6810283099892949,1.0083430491059473,0.28925461996639323,1.007338625556394,1.6026738617300726,1.0593098992113474,0.7098297533959098,1.8572977771998433,1.7814469544687062,1.3758784425055135,1.2615307218122218,0.754595030346753,2.170126129685101,1.2276965334089032,0.7239945186534196,1.063034767294362,1.2593677845149118,0.6568310771748691,0.9531059216472879,1.2684427692963673
Sample_63,Treatment,1.7656551501115407,0.8141466258556527,1.787785818079993,1.4832033019943551,1.394900243771225,1.7469230872573156,1.8665241859859338,1.9121844272711175,1.5028161312531194,1.8103551310110504,1.5436926051775093,0.8793441356320563,1.827831412112497,1.6454135842767856,1.8380237485580517,1.150941873620679,1.6340876744202297,1.6734194387736185,1.4466870961424327,2.069848351273178,1.7507561565570282,1.295891845299628,1.5120070165594062,1.5563898315454414,0.7530460868988189,1.1461760591952859,1.9111439993790063,2.0345788491936365,1.4772241063040088,1.2033300991661726,1.5302868422709448,1.2541853163289511,0.5593392212708794,0.8754740403825899,0.7101693452726064,1.7392492416064043,1.1878534500173867,1.0815587413626935,1.9287493392425294,2.0313938732844026,0.7887842378891657,1.3854415003012948,1.3310107077475317,1.8177947396934264,0.6717209286545973,1.9743232309342293,1.011928713486661,0.27776331239875884,1.6101313958167514,1.7159814473978319
Sample_64,Control,1.625929943321375,0.84776435790481,1.5455322437569157,1.9040167541059063,1.3487978339035356,1.120621992152778,1.70009179007886,1.558885867695692,1.4849879920099731,1.3115729254318411,1.2056195219506638,2.3162056578951304,1.4446255850749266,1.0398619726568596,1.403986070680874,1.2641974683083437,0.7836027287148201,1.572931302395458,1.2999576417100176,1.6650527737621632,1.1640275555681576,2.754424126538509,0.638934705035296,1.581812713151001,1.2314709161157158,1.48324331752874,1.9673714689921011,0.920406669193061,1.0728311887915964,1.8078329717384503,0.1276025971607242,1.2167463657251578,1.9498456313013188,1.5130858073693627,1.1375096740694075,1.99034012986275,0.9175171315849995,-0.029739148389931636,1.16072289369864,1.312031616264332,1.6481800270935132,1.4512805116882916,1.9174382855425571,2.2113911742118035,1.5158718140655225,2.2373927755518697,1.5895257892731696,1.4131771704508638,0.5107743521964481,1.2671562389105098
Sample_65,Stress,1.370129600471896,1.4013775409487657,1.1898724307162953,1.7885558493887417,1.526408812192882,1.9283050484468116,1.6701580562678384,0.9658237827305196,1.6209378760964062,2.8142158044533865,1.1690825985027713,1.1478213742269014,1.4414839279105456,1.1393880277358464,1.5046245428941154,1.6118005604267311,1.6050339830989526,1.5692436982657543,1.1299678041701207,1.465032528500639,1.7487503024654414,1.9951103200348206,1.7638918134045476,2.371035001983541,0.855318809144108,1.1107572393317018,1.8693142620071501,1.9026333720654485,1.2027341971429844,1.5590307992605346,2.032753247776163,1.3491304999097729,1.3045862523844858,2.3944226121176215,0.863108600234553,1.6248178033059701,1.833537207718936,0.8761173243110245,1.989442182477798,2.180485295063794,2.081159833469929,1.34262562384048,2.124702925772087,1.5463491809271506,1.2291301106253227,2.288039913995757,1.387565276766054,1.0793732766220525,1.7706054239053735,1.6462313823426489
Sample_66,Control,1.9414323605794404,1.7598585419093367,1.0954230504217795,1.9247875761095312,1.0345323456911282,0.7611333599032049,0.7493250687049263,1.5541864442169593,1.9782607119563134,2.386941508537521,1.4738369298532208,2.22727147043999,1.5179055298737667,0.9431114392052531,1.1051321390854048,1.0113711234663343,1.3067177100453087,1.284186789843639,1.9000864753185174,0.9434087795157863,1.3111513517241518,1.778277700619264,0.387598251999433,1.1284980196223016,1.608914248907361,1.6933432956919128,0.46674438309573163,1.6696246751982102,1.5100573273317317,1.3826293454378003,1.7909922923209083,1.4833781661223406,1.3720265098973228,1.8165131194643331,2.0896104929240265,1.7030130749982975,1.6548084789414277,0.8580471410059861,1.4486269589816407,2.403052973587788,2.4713638107292826,1.1485957982009347,0.8322460548977123,1.8342073557272793,0.49964218741547706,1.885674957160513,1.969789849705807,2.451371804212255,0.9134260842108562,1.7290110684204518
Sample_67,Treatment,1.4059374668335014,0.9404387662913237,2.072464547662716,1.8067306278035113,0.5601236522161632,0.7736576842056959,0.8994910195763715,1.293440421583139,1.2081237948233232,1.3538881191089758,1.869231415804701,2.1012933620564183,1.3444593437515502,2.5688490761165736,1.3983763734352483,1.3440977094426922,1.245770193316848,1.3328557701278572,0.47758301792393665,1.844485058280063,1.5895380798861476,1.6351287701746753,1.1141245155340735,1.5783825164493221,1.5350617736268117,1.8484127978086105,1.093678252187429,1.3651506076004623,1.3532081682040888,0.8035518566923832,1.2499873153813423,1.9543094392826421,1.3057302487529223,2.1609210947724296,1.9438541925888446,2.2450304342487657,1.3408137665779822,1.864827045754763,1.5574739571711929,1.8780755662025554,0.44318758712290296,2.360841884268564,1.733605123637387,1.8194356257727025,1.1262797126649111,1.6371958935165403,2.1002630754457075,1.607662904205587,1.1753093168867448,1.9618861593166461
Sample_68,Stress,1.9915872400894985,1.071023917548996,1.3224144627499521,1.1171278422894577,0.530019751251617,1.5036609252151325,2.8268162387468543,2.1929736990778603,0.5751891179382818,1.599784735753128,1.0559498900990152,1.6093871565182667,1.8652408628173192,1.4771934432801723,1.7316657338059764,1.8087285226099674,1.382643655595681,2.0227853059924428,0.9032934994787999,1.934893822567218,0.7565336348477837,0.8374491321229709,0.9928169127970516,1.2145045617316885,1.7633846743269603,0.8966468373907222,1.8107287553618345,1.4607748478372369,1.7713433408878183,1.8678683767150617,1.3025556277316295,1.668939941422954,1.7895435306007705,1.5497721357313332,1.873245243674085,1.8808844168523604,1.1785946209626867,2.125180664696364,1.0864363806731487,1.8145389908211735,2.1312321190090042,1.5491007034256883,1.6574458982539042,2.0054786096849258,1.0709925823306317,1.408355556314509,1.6181611586480202,1.122411384180977,0.8112322884401916,0.7760417769032002
Sample_69,Control,2.797308930198735,2.7185490619104473,2.3396535952735786,1.155056440430351,1.9621762790713304,1.3240474116333203,2.349165305861532,2.0692360794835474,1.797364241959099,0.8067596289519035,0.969094444242997,1.5424348152483935,1.6475096783656036,1.6230235247621942,1.3819627555464127,1.3079305114540418,2.167532161447654,0.9629833532604599,1.1611600502632284,1.6377554545012285,1.783679822582912,1.0758510008099031,2.615426888835422,0.7089189091607838,0.7377098763897928,1.6520527975649553,0.2877736449823629,1.4834996299456948,1.868523472682961,0.6854154692935277,2.2402983177215647,1.2289752643924075,1.1416554457629005,1.5458864515071784,0.7851185120640294,1.5620971312866612,1.3234617028610898,1.275721193096457,1.2296823831916257,0.4176994716229072,2.007530671134843,1.8658484120932115,1.790089751995428,1.1543466744554296,2.1747294003616475,1.7929751060373529,1.8854672655651021,2.5575252872463734,0.7628406834783554,1.8760133538125687
Sample_70,Control,1.8838234134443663,2.127777798575559,2.6222993061106266,2.7145954105987853,1.7234873719256754,1.0586074815451496,1.0352711295113852,1.0146654199933782,1.6502545161828623,0.678524407097904,2.1440125035606914,1.1213120872179252,0.5717629463049804,0.3913493951658713,1.811329639555756,1.4944517597918765,0.9936255016899038,1.5049732794997628,1.0078493943038742,1.4925008509481996,1.4596409255058695,1.2967734782400118,1.199296294495523,1.5193175338349076,0.8042965154328529,1.5493610277437553,1.796022491580433,1.3163900780542974,0.4688956154482149,0.947764690653576,1.79152931244975,1.274070608065297,1.6703047265379802,1.4217889739830307,0.8811904959053048,1.9016043056185632,1.0826308980617236,0.9748922641037298,2.202142690869091,1.1369117590176478,1.707182170530004,1.879073724121101,0.7282952251252973,1.0662562972611165,2.0632106777408987,1.6437913220847817,2.947891827853394,1.8470387753775022,0.33863066481561876,1.8395175331055604
Sample_71,Stress,0.954192282562333,1.5477814874513927,2.038982586446142,1.1784589789876447,1.1217850716448288,1.3916043476707614,1.3597855564425112,1.0229008520603895,1.0744183629100714,1.6842159805689878,1.1248791359900034,1.3899960352237113,0.6620358231289337,0.6930919504600664,1.4535756477721176,1.4203422714166596,0.5927200762857125,1.3217873750071512,2.341938265786659,2.2113870915771705,1.3478113370779456,1.4466626474838458,1.7480767098555987,1.4440232290751827,1.6224620561943377,1.3421848509791574,1.1825915335649337,1.301871691040219,2.540550333511021,1.0710560623138068,1.2795537830147885,1.5629680974589992,1.8913018282436513,0.8331494738544382,1.534565950268751,1.8674869811740995,1.1609306277335916,1.3707182173638963,1.9295491689028275,2.049098817786814,1.8585757314239761,1.8352231904508256,0.965943754790286,0.6642257881983559,0.9325482552715759,2.26725625751554,1.0531783923906266,2.1937648521604864,1.975827801843613,1.7536849531479877
Sample_72,Treatment,0.631475642783246,1.533510884993138,1.6617782682308733,1.5326580195289878,1.279181474230778,0.819755443402782,1.418486270396848,0.7786652739508397,1.7920108418766831,1.276371013877369,1.1721724728799954,0.8469843043387444,0.8557725856189693,1.826329512743323,1.584696753657861,2.2085681466007703,1.5772470938752243,0.754017038867766,1.2229949360093622,1.169441535842989,1.2853743781686777,1.6156207105613332,2.384361265489971,1.7665681721375246,1.3171604078721206,1.7952176970754643,0.9842693675466853,0.9235292888397688,2.030377783527129,1.4369703639748654,2.0238303994546363,1.2963070638831962,1.5711012957810733,1.7914679217035006,2.2019585328491855,1.2966431284776485,1.1386271981009437,1.9853039241158166,1.170532923345728,1.7163830958809183,1.1269813210860804,1.3171488250079073,2.5739753099694545,2.2677983692334434,1.1875671069275155,1.330689189892081,0.6539571643128445,1.3269120691764587,1.9695846615213177,1.5419831847581094
Sample_73,Control,1.8194686860649125,1.9284882045432938,1.5244629315859146,2.3263873737713943,1.215996734550771,1.1253835473644869,1.54049116219429,1.3868407513901415,1.7705926647659793,1.5408830291158921,2.035539061853624,1.094681587165262,0.5842224307954432,2.2134860358435677,1.6663451444171524,1.6182244088929747,0.9801894656134668,1.5543689697777572,1.554959847220692,0.9357320511504246,1.7561618936631418,1.7934825623886659,1.3791502157806013,1.3768029578805285,1.3154351300825537,1.6711451256450292,1.7329073089627776,1.8235411456664001,1.4503366001537432,1.7301166272599666,1.2427077020520318,1.6928088303779059,1.5957088800185233,1.1703668418701203,1.3488505258052355,1.826596206554704,1.9755473966380985,0.9711649544011864,1.8122390447512884,1.5724346013778683,1.5775940886803348,1.6407798038396573,2.226998747797409,1.594724054033019,1.8622527873739918,1.591840910588487,1.3773337375680257,1.996954863319063,1.9352221085132078,1.180498468035918
Sample_74,Stress,1.8355878579581524,1.2834126139981763,1.750341884070677,2.03988809460618,2.7501966468347536,0.7553378783934419,1.6557793870294106,0.488626329027237,1.7593867443885134,2.436977939440631,1.450299490257449,0.9182168647482666,1.8722817460652754,1.4439910685404442,0.7416061476919698,1.46320410477968,2.1382703272887684,1.750409236360353,0.5934531887753689,0.6583904177569784,1.7270389580425816,1.9304048252152382,1.903857123146522,1.3523560188001282,1.1981654005065865,1.388875285073942,1.3401336974093916,0.998189279771378,2.055512849890885,1.3441113841671357,1.0471720467474939,1.7713577157974991,0.774779008431122,1.6342214743114845,1.565708242213605,1.6950573159369087,2.2866120979615054,0.8025186905478652,1.7103025959840306,0.9460409701054487,1.1762419798722057,1.8231870745965741,1.3240948233707406,1.7088998368753932,1.4435591401196095,2.0968476261341853,1.7198458810188262,2.3199267624679116,1.6672836883758273,2.3121732153896977
Sample_75,Stress,1.3808802379615877,1.2705527903650178,1.3346422658583907,1.0666535500839784,2.4042123260571944,1.6385193662670217,-0.07217481744982934,1.204909544924771,1.088576833653881,2.24323536174203,1.365266512834255,1.0224456958601773,1.1525910015345773,2.32883872975927,1.5403951501021593,1.0341162519661267,1.6286809098667472,2.0738139996584732,1.7533210430231918,1.3921010473988553,0.8340960544714799,1.361459587371624,1.7091904892851586,1.3481601330232116,0.855394043093053,2.0493266221133086,1.9173458881733092,2.6741924418339265,1.7329207305333603,0.8391242438268164,1.9259160281148389,1.237032216111833,2.007129413665872,0.8641608891363556,1.3717567801962984,1.4955468101831522,1.4115598430621867,1.6603664100522078,0.6985655671287994,1.5017019640806952,1.794782036553148,1.387413998999087,2.1491937200852944,1.65142770835744,1.3919754233179058,1.1110946647668165,1.1808908744045552,1.5355574669342862,1.7572735884641124,1.3093817884750183
Sample_76,Treatment,0.8176014777281327,0.5664869735414758,1.2693742009300268,2.2133861591655095,1.3245823410961497,0.7784595547722623,2.1174969115953477,1.33513304210438,1.5669239213878872,1.7614399606285025,1.4262724349279388,1.0423011861883966,2.0838151548144075,0.2526036816473587,1.0927586473568902,2.42985887111931,1.5584612741503452,1.2389180065434693,1.1930987691921855,0.8191822828642,1.192148036698843,0.5995679746793983,0.5791094818378678,1.334994481175782,1.5308188438269008,1.1065638344016362,1.688333874522977,1.8944784533892634,2.323129321786283,0.758002568022656,2.4317166785563993,1.8973036830464067,1.3574351876364044,1.0454101325848213,1.5477888793551002,1.5958823830141442,0.9218114740152634,1.9398029432097905,2.011750805249634,2.442378679348205,1.86062805295295,0.3422988717642983,1.4363623955108704,1.8112669274689075,1.504080144776038,1.0292514930465506,1.6800334771928227,1.498984282742933,1.3428886427065347,2.107301546025674
Sample_77,Stress,1.048603432589414,2.215699104356762,1.2706154232770008,0.6738351723594526,1.7356100543268733,1.1090125176827819,1.6814008312798745,0.4922462506248739,1.623308489712927,2.11290583654435,1.8953529703292005,2.1678112718549043,0.5882949618520604,2.3034062459328766,1.0544808792887896,1.573096967949065,1.9945208291519767,0.8705606088163329,1.2793913618137236,1.9850808299978693,1.3514120347112053,1.7124990421661592,1.3963624240340695,2.1005211797537457,1.190917070957541,1.548369352363939,2.8475205379433453,1.313095535416524,1.639084836978654,1.0542234072182994,1.3923570599151451,0.8135327053853552,0.7943942356548446,1.7033367864967583,1.4799655257347082,0.9746050241746169,2.542150895430361,1.321887160489291,1.006892961322748,1.1429990146236029,0.6613073255582708,2.0496687817946526,0.922101765313212,1.304109004814893,1.1980332504052307,1.5049094483076653,1.6439445919348221,1.8564981889335141,1.3554406813383177,1.4773425864471226
Sample_78,Treatment,2.8633704216072964,2.0403603665013446,0.5422162885996984,0.7040575511165059,0.24631506120408253,1.6277365202709957,1.7042586227465149,0.5399625364464335,2.043767486053369,1.8422799311319373,2.3450086791720346,0.8968198380121325,0.8067154137137088,1.969021881625779,1.7753758541262166,1.344517072005068,1.91826371670229,0.9129603598970868,1.0869185659173064,1.205803334310909,2.0633371208479794,1.6477162458107089,0.8504535567424387,1.6247652448584313,0.881661724600566,2.4969704793755874,2.2472748270451315,0.7648952492647247,1.5451557982282795,1.2850577259249818,1.1201579127589751,1.8767671662255325,1.040115283136073,1.4755223555288846,1.6105891632679827,2.1638533061067564,1.3645711107182734,1.3402100357505922,1.1020313773666641,1.6107942174784016,2.1936398808777375,1.710536855938682,1.5124140454380801,0.5052874667583883,1.5516672028845304,1.2811763859907679,1.0361527580330456,1.240848881071154,1.7094696237634632,1.300777152390443
Sample_79,Treatment,1.1626086976884904,2.56559215450135,1.3729215601761382,1.918355085121114,2.157933071030789,0.11539005296963101,2.009378153715758,1.1007249624710491,1.0331809971441854,1.2045451535338527,1.475771477574805,0.8719937672702751,1.6036343119217158,1.400406959322482,2.093938863578699,1.5181312451328288,2.2528057901394156,2.027628356538355,1.870733442460918,0.4039014754671457,1.0889562940864717,0.867657843067525,1.7459159149530832,2.595663232742946,1.870488216997107,0.5956787840213379,1.2094600394454897,1.8013051708308951,0.5339612353556139,1.2336066771157688,1.455440276395844,1.2691846294603744,0.6156392441785314,1.7284622999342376,1.1198408233785813,1.6014188809545984,1.4255143164348902,1.3801574601924662,1.1621690432421627,1.3318996857519318,1.2453508947316452,1.2213633141403026,1.858642943077224,0.9521598326575015,0.9526868333358156,1.7365984003338697,1.1008477004184771,1.77596656808638,1.5210314847405857,1.0229982681157157
Sample_80,Treatment,1.8009708613520317,2.2172765905446843,1.8162036429054367,1.346548525503797,2.323179686633361,1.1499241882301279,1.6658039889925929,2.160927558073803,1.5781158120487677,1.6402327466662066,1.2885254024893673,0.9830601174573034,2.029525439687294,0.9103615492551954,1.2182763429346732,1.9128150168401854,1.7867052281559634,1.7523920378524078,1.3522608822624753,1.3377921649938258,0.9791460595889518,2.003600263132059,1.067390482522889,1.975850212117344,1.5231288631934257,1.6339381654767684,0.8670452502482401,1.60789986282285,1.9994715553583706,2.1149150411158124,1.5727896926438427,1.8630407014130423,1.4352823271669624,2.4457274429724967,1.0032099648233643,1.3572304841518832,1.4700358124567896,2.0929222676010104,1.1106417090782286,1.3915754281407855,1.9958638861739446,0.6180575329623849,1.7243032078260894,1.9630567593961417,1.5881676572527827,2.0388137961053596,0.7384789194931297,0.829403811351891,0.9709306683983543,0.2353498574202404
Sample_81,Control,1.3383611000258981,1.403676398559645,2.4134825590374156,0.5791742542826003,1.913922282092877,2.2106375314547435,0.6523513885301322,1.6686002453630875,1.6105782245611844,1.110124898911062,1.4983018245730362,1.713787025337574,1.313160379824124,1.6906776740111118,1.4463128163203673,1.5506190672331273,1.375746542025417,1.194915484345462,1.6210363634255012,0.5744579299618298,1.5275903390647996,0.8883067414730603,2.345750756807603,2.0454034618860693,1.6781978413984013,1.3390096260051332,1.6394050795525694,1.648061081847731,1.770482660432745,1.7642394256853828,1.2694161298406068,1.7923758071693994,2.4720977700554574,1.7711185145215973,-0.1356967957729549,1.9987397764489612,1.650694046379538,1.9470703421519535,1.709878746833047,1.54913875514511,1.3348513668413717,2.2353692658235365,2.658759607619578,0.593799465520713,1.6709150961970787,2.1968738368933582,2.238824336336721,2.007546075363113,1.140038471462105,1.2194823956799297
Sample_82,Stress,1.4698672615625907,1.1498939069990983,2.127024036033907,1.1048795939078018,2.036553217960525,0.41359515208498543,0.3774945196055042,0.6158841845680875,2.2074977242292584,1.1768006853931223,1.2142673467976552,2.2380653158402177,0.7123293713458695,0.6890058722330007,1.9566210167569835,1.3431721383678565,1.653161906666006,1.117793712499439,1.8851843516433286,0.6332546561587237,1.7700169214088353,3.052374776419714,1.1923546657859467,1.4792914956986438,1.6922266836953714,1.681997916636532,1.7132927043572845,1.7711526092308778,1.9285309959146935,1.0597265933972304,1.2349615969846233,1.7362029877684924,1.4659432784172888,1.7670075138416548,1.0951626477474163,2.222198619816673,1.2283698922462394,1.8245961558743768,1.253711395358116,1.8104882302213248,1.583124704334526,0.8033935010010076,1.731371278618898,2.251092478994238,2.6022801878560777,2.1980272055855967,1.8277195361820362,1.219380305440859,1.694488312284536,2.021331621769737
Sample_83,Control,1.1304688884562326,1.6256251839258,1.0250406522829103,2.376139835800069,2.268038067020709,1.9383216060254607,2.0019380701139484,1.9708899836828067,1.4989044532676254,1.7051764643133547,1.4003043535950304,1.9309158390470236,1.4405583943586304,1.7008947103786862,0.8400638358556917,0.6577955684355855,1.265634487565994,0.9211472935648612,1.838571968985585,0.7896529666081767,1.000065641089668,1.2904255499428448,1.5078555925620898,1.1826420649235316,1.7475981905340234,1.9529100934456025,1.2112032875610068,1.934828691951048,1.4061349179032332,2.0676524819550264,0.7873964725784525,1.9986043999594258,1.785752445832817,1.0805021933003083,0.9590695209817882,1.308632465408662,0.6402248742203123,1.3451092148271018,1.7830772776126524,1.6167603640428905,0.9631626360539802,1.701274988106921,2.0185044521408795,1.959884640920376,1.4316925612462486,1.5250477778012494,1.3907844632234352,0.7828848306817113,0.9819187795713432,1.519859546300879
Sample_84,Stress,1.6229317397462901,1.3770722576595082,0.9656962201639294,1.402997364291945,1.739759276122808,1.3963177298647744,1.2114764624752739,2.311260435908986,1.5631582381838147,2.067314908895097,1.4200296426661587,1.2335914497319949,2.2878926487784113,1.8606167959561033,1.0239495991970378,0.8894634664752491,0.6264954376359122,2.041196683858489,1.4472754521989906,1.4207216506509255,1.779487926050289,1.985998050606061,1.2723487230986004,2.2922515898731968,1.917313599722587,1.7408492852121689,0.5762306781465015,1.8215013131105404,1.1987767217223535,2.2606867050901287,2.6881893145046156,1.638903979140722,0.6387149605096494,1.4595160113610701,0.5609990651814404,1.7044961991060614,1.9633768681020038,1.6274304786054372,2.0911636986414983,0.7591108939010792,1.3736158128922995,1.584401498277879,1.1913305773134808,1.5606763850459953,1.5448842638720235,1.363815035983003,1.9356262198923582,2.0695809117521127,2.2452785061149934,1.8692358865677068
Sample_85,Stress,2.1773968464777482,1.2761760060804714,1.1967632257077785,1.4526086903599376,0.9600440876106375,2.41223753125868,1.7829031832055964,1.4699463388390641,1.3522826731798177,2.5959335094162457,2.1778050896588965,1.7929880945119039,1.3999379820806928,2.3652293896238263,1.9588167008889021,1.367721021720975,1.2513611916733745,1.1971528075347875,0.9645393741647964,1.4332798248411796,1.7865629165046704,1.494472681832876,2.094135817270279,1.2979421682480785,1.1397451890122414,1.4823292406363127,1.936185798228102,0.9804851768093448,1.40262448742766,1.796859289093565,1.1472588052574682,1.0868623338678738,1.0895361291815209,0.8631057417611785,1.5765049384475256,2.6331934309076677,1.749076960562075,1.299812431362546,1.372580734830794,1.8049636516123677,0.9481262445136833,2.2642219693670613,0.7946921934955149,1.276438809694235,1.1410675129245444,1.9287253971583054,1.3238916242241532,0.5628201955030918,1.1233365498461327,2.141784522737808
Sample_86,Treatment,1.729709982901695,1.8490068973036156,1.6147574410548091,1.1423658397792615,0.7278572807254545,2.2286202683468055,1.5192564775289477,0.7696798764085838,0.2625498274808793,0.5101297467633805,1.8619548526448189,1.7563415055860452,1.302644017944507,1.7662828824762506,1.6856975931095342,0.4518350199668859,2.3979974603659455,1.9652549856701318,2.0115427303507336,1.3626229936562206,1.8543420186130901,2.026586708215084,1.8028916911087889,1.3321584524289674,1.2767954555251553,1.9346093869578025,1.3270187101946491,1.2398989945475818,1.0722717553182377,1.0972856437736231,0.1397327177827119,1.2157468177722515,1.7061843763722957,1.4763657144866986,0.9019681474624378,1.6318429531179757,1.9298807614375113,2.2820313299042265,0.2612936070613381,1.4865923995951476,1.0222600166508609,2.166631356650768,0.9975265603374955,0.9632533558182,1.6588907730156905,1.5744798995068259,0.9773955528203347,1.2281003210395898,1.5721912982413888,0.9206533739385868
Sample_87,Stress,1.1271883564261709,1.1167083362298154,1.352552778739586,1.2535656286420396,1.4866715672882567,2.298522835871346,1.3896621988291926,1.9357281096074412,1.8995293431450193,2.1308892056940936,2.070402066966224,1.015094067284207,0.9658303492283489,0.899241209930791,0.6712404692308158,1.1692633770777259,1.6130946849396213,0.877602434556616,0.9224819575840866,1.0562822304271775,2.263547413107085,1.8077290236739136,1.4831318199721668,1.2389200797901778,1.725403600963595,0.983579047317359,1.3824261758108367,1.696319553515429,1.8689552641534726,1.8801657922409878,1.330251904081624,1.417054158008251,2.9589809611924522,1.480064214949582,1.172187962887345,2.4402457722616524,2.4037225323436013,1.3409809613497934,1.3789042017576811,1.642988084992004,1.3959808421872886,1.8112359362973214,0.8033864958372285,1.4623423528780193,1.6953064110012104,1.3346894166568835,1.9192530681378146,1.6725884458638531,1.3929939334035921,1.8334308271493875
Sample_88,Control,1.2954314849443864,1.2953601717222445,1.679007989854115,1.8339963931350454,1.5880315093596185,0.5909261751379681,1.8466593066700092,1.8540055967519244,1.8164036986692333,1.0103012483898435,1.1694211570881063,1.7509159576538962,2.162963439104298,1.358854484074985,0.818309430359326,1.418289440533348,1.6675117210093737,1.5205790140489477,1.3909585081586555,1.6957861166848538,1.8241388866233175,1.1320578487236372,1.0181422260506345,2.1598949699158623,2.0696826756241684,1.5463737274677463,1.986142102974485,0.9923116341483894,0.8928514770683534,0.8708004838080765,2.0455708110400392,2.71103419804189,1.4611802142991288,1.7716939133105776,1.5312658845291582,1.4945506378018856,1.7180964517947617,2.6555446353429075,1.0792982177717645,1.3148148641866946,1.890531032953357,1.926070531690831,0.7379308835699104,1.4013458166661035,1.4529184389154344,1.8377404264445976,2.195965218747726,2.172322372548636,2.3544860175473805,1.6391703784833322
Sample_89,Control,1.8276783292913168,0.4388135917789302,1.3443353194224015,1.6147745209530757,1.9194086507435546,2.0696021741090354,2.4358262247249916,1.2514549087776476,1.1855348876002294,1.6257648820025532,0.8103338504155027,1.949627218298498,2.075521820246851,1.583252318831651,2.0690737746094956,2.00297008449935,1.3022551333541978,1.9498345080376234,1.7621235513633273,1.9150345277909606,1.1909384528070155,0.8529171956880589,1.480825524237291,0.9650358895307212,0.6704081406224555,1.1371119169685722,2.2719580273596875,1.4426417616254574,1.4009415083753838,1.5189377977236493,0.8579274826973,0.7817935569640395,1.4791363913787323,1.65165858592153,1.8381327490069783,0.9928792069216337,0.5752818378856939,1.6911051694316905,1.151835436468808,1.9672138011975386,0.6106046940722993,2.032025161074978,1.4137944814105021,0.18608190923836632,1.4969263787944598,1.622312089657917,0.9030290556738789,0.9569658859359692,0.8542454628429842,2.545035555853664
Sample_90,Control,0.9044088481805258,1.7580366084739372,1.1321324779901192,1.938858895138373,0.32942269022759874,0.9847541944817984,1.87778237745751,1.8329900195120616,2.409091266815429,0.8137592895417022,1.247062650986644,0.917925921538972,1.6623123847505388,1.3322003934373607,1.2283498409959657,1.5177638869992547,1.3693302527095619,1.4050184485172204,1.4451231252976713,2.4059847595537267,1.1776464738094314,1.835223119601025,2.115094975814063,2.329696108674375,1.4670809413465038,2.3089876954354773,0.6938271100250077,1.385595397039556,0.9609819470622373,1.6913804116081435,0.802428925310617,0.913562762156235,1.7039197056727835,1.0666542478672938,1.7412937908923143,1.297726411524266,2.082573893391801,2.2104013409859053,1.60960082927883,0.9299464811548359,2.0659851703187333,1.0350474693812624,1.8207727838315477,1.4432728358169722,1.9318401500053752,1.5334008468114693,1.678653737907215,1.5443766416364837,0.17703023440940568,1.4888114335802949
Sample_91,Stress,2.3681847800115676,2.44560954100805,0.8016160688034014,0.9582321883557486,1.5817997564464208,1.6581289674475281,1.454268360097346,1.3540667541200062,1.3558104518199698,1.8275725820674822,1.87639753456623,2.2617043542340305,1.6355662115380312,1.734038149626591,1.2170243801610456,1.8884731855657746,0.9989763892850042,1.8892047253566473,1.2610735317405761,1.283293269694186,1.513955503088066,1.9302219636523694,2.1837492924401456,1.1064628373489829,2.432767044505078,0.46878103840922747,1.1209285967697358,1.6210399907487805,0.9513585376347896,0.8352717071606959,1.6137614096321429,1.7627926041072741,2.602653600954031,2.0292666979548364,1.485640106865958,1.50088317509158,0.3586011591676268,1.0866553804477261,0.8437372253292426,1.2522309830730396,1.878944558555693,0.8947701218363645,2.006392169542748,0.7910504598223626,0.45703126890822343,0.5610917272242547,1.7726118622528502,2.48437427343279,1.5835491125206926,1.2362011068024537
Sample_92,Treatment,1.6752057862818317,1.1558844479010935,0.8182783996357952,1.2907100138745364,0.7163471603887864,0.5673515404873798,1.5156126314969032,1.1220520970314216,2.140613999418951,1.273635847257274,0.5696861552245156,2.33716373609296,0.9814324332276123,0.9083790320999805,1.8616597645635509,1.0199367426497545,1.7228461272505042,1.6833195046071239,1.6348109673859623,1.9702733483575714,1.2189009618977575,2.22764263582128,1.0840040137156066,1.3754499710489216,1.7083235828427124,1.7410380627295376,0.24276269124863714,1.2685373837140022,1.074154921586996,1.4647603797503255,1.421872266852012,0.8382403241044459,2.2807954775754133,1.8086040510271246,1.5112600932736746,1.5093771051329394,1.283243087081876,1.9611883619703305,1.8827122119215236,1.721369551877715,0.8969765422982999,1.6367220507115248,1.7126875287430603,1.50634176582174,0.6565074751133958,1.4178334708239995,1.5571327092073137,1.676074533704601,1.3789097531402428,1.8189610281748094
Sample_93,Treatment,1.707488991385503,1.63881606225601,2.014420161101372,0.9343840397133333,1.8230342547242429,1.7765803018115018,1.2238956268594543,0.6943292637666619,2.182669379427092,2.174244039365305,1.0219777451568932,1.3372875598871787,1.4554486341705262,1.7237897229485855,1.453670351084405,1.223746849832421,0.28878276927668844,1.6464775152847526,2.385354356570393,0.9464565145466445,1.8119229631784715,1.0837001192338462,0.6945769737152635,0.760424207157929,1.3735914516967238,1.5196353888270273,1.7858651847371219,1.8604639602381154,0.1366720885135735,1.984682201119853,0.7936138295194647,2.334297686891304,1.7084966767364267,1.8619079624178698,1.603871257403583,1.5643152235750355,1.3138282736721063,2.2805637264065326,1.1923647627034586,1.8549818451610112,1.2736680805852316,1.1253558602951776,2.5178452014163257,0.8803491819661252,1.2403383899752844,1.5098679883404642,1.962688983674468,1.6069707902110304,1.259023541802364,1.1051012312558373
Sample_94,Control,1.217649462487309,2.648583862025254,1.4832177099126136,2.3781777802912094,1.5365411460050007,0.7812156507104483,2.149260175778881,0.9851909502507922,1.868157727438629,1.4878125506699063,1.7502590700717562,1.6150388464519045,1.6836800321334922,1.6289640304496706,1.7019262277354632,0.2950392864961753,2.482872357105101,2.155897862013092,1.3978044584897917,2.060086948752728,0.3872110043139039,1.6352429441743903,1.6785707009836752,2.24572673239463,1.127516489042331,1.6381368664639067,1.125976483380632,1.7061940997741822,1.7141614465732848,1.9793821837004129,1.6875699009379523,1.1612050411184782,1.1550068838417782,2.317901350558394,1.279884405080157,1.0813008643868023,2.4197778237071472,1.564856299300378,1.4838695122742158,1.261016796221519,1.6550479433451306,2.7066654800775454,1.4529922568554416,1.084561496034325,1.727906106064725,0.948148716760389,0.22339050214263456,1.9453914909479266,1.5889711982175996,1.1266358340652354
Sample_95,Control,2.069306708966068,1.582037106920536,1.4893749657909323,1.0304469633041293,1.3986822939622805,1.3841599468498822,0.8873362722323234,1.7164863480837598,2.003782203146492,2.5189732911507114,0.9750508303271017,0.7765650132887895,1.1568218146299354,0.4218962738335341,1.871334118885043,1.5864789266155952,1.7934964677948564,1.2978174592306855,2.561142849797764,2.1413976664734906,0.9242977313971114,2.4247361577854587,2.6112160731000547,0.8472197630177476,0.9721643146234209,0.9086986486092745,0.9350161160784052,2.37169962173341,1.1363849883339152,1.4545091226379483,0.991386309956058,1.082933402628155,1.3345153985909488,1.8970751450355459,1.2860723080956418,1.0978157065074834,1.1423890366570073,0.974279055932074,0.74768778862709,1.6096713377355734,1.1983429324671315,1.0675398116065682,1.2091662627635975,1.0773440343777974,1.1394346242867477,1.487756243099641,1.5785943482739484,2.080828499511775,1.8155258675808341,1.8187689353119119
Sample_96,Treatment,1.8323358313075724,1.9811773806139803,1.5234688425528724,1.6429193564353823,0.954583340145037,1.2062032149113981,1.4890277984767604,2.5195849801370613,1.673239434573398,1.2540848192170975,1.9434478150867731,2.1542188725000373,1.367839991723413,1.3690969021558528,1.4034819134339778,1.7746330286629912,1.6971838681562101,0.2803203692414522,2.8448251505375937,1.376988121484301,2.12899188020538,1.7617298670823631,1.0994387701946038,1.6765191244878206,1.3627384304683787,1.2467867491774354,1.9046494496042008,0.6441314528858931,0.6258753898515318,1.5387607085113544,0.8821550233175461,1.639772755886973,1.5715835268318914,1.6965710507711316,1.6711465973448927,0.845556899115406,1.7945547378556652,1.1497541963129647,2.7672721053930895,2.4244660412775683,0.9187480003436767,1.5187826827864894,2.337903702095822,1.8735899064892623,1.8514158586420506,1.164293752355296,2.293682125715767,1.3841793058169076,0.6711249650814887,1.682232073102668
Sample_97,Stress,1.2267539301145465,1.319921421974859,1.3465397200689244,1.6726420235716792,1.4939382675889878,1.9518492574285817,1.4399528404412965,1.6770698405579427,1.4255602918437604,0.9434450606290573,1.0542538166608617,2.166852261493161,2.187048714732188,1.1902906599519083,1.538795594023239,1.5246556422337831,1.6325842035006912,1.2018771207343062,1.6059920283606408,1.5402469597025459,1.0770695252962943,0.9003520531410656,1.736041132295162,1.2677567452167409,1.4527561799887718,1.1336578363993524,1.5553355082015092,1.5206350698872428,0.9187192527305336,2.101716520034495,2.094436404504612,1.263868038581995,1.4917687626756704,1.4914097902898031,1.2877556807925354,1.888921494435285,1.3451098163174864,1.498897592859612,0.6760734015273316,1.8909348111161852,1.7550690309741195,0.37394373880484766,0.6084810013063742,1.8227566912683075,2.177280180075436,1.0175310201900352,0.286302609934022,0.9794906398328684,2.0048020922353738,1.0144914762472577
Sample_98,Control,0.9515720097246758,1.0157516544075647,1.2072283200392753,1.7576795288124873,1.1585991805382498,1.2776921776430712,1.101514832769816,1.983220272280747,1.5172945162807843,1.391167532311916,1.5330418288066772,1.8386555830210594,1.8781330011348953,2.644579957776141,1.0099329071080216,0.593659192748969,2.0080460012094186,1.3448116076355692,1.8388958047822879,1.417259489195026,2.0262997441837163,2.472247778026547,0.9293164696758066,1.3576121029222585,0.5354933135210183,0.629124845667286,1.70769762864885,0.9568807890681902,1.5300006825287515,1.306037942310894,1.9145296737340254,1.2358387319800153,0.567988459021692,1.0857965472698174,1.8281925988018863,1.5732993958701547,2.337566117226114,1.2404209081613868,1.8889955010176824,2.1823681314234564,1.8119696760515613,2.563774109036874,1.0824518160690073,1.1571711600316976,1.4157687841956401,0.5739546876193995,1.94968464373263,1.476167504473741,1.5124087965653004,1.7899571407277761
Sample_99,Stress,1.0974988116081512,1.3839376703304058,0.446926201861819,0.8993037216779263,1.553512767516825,0.9719407277916075,1.4537096228139343,1.7865538977734947,1.6065673667765104,0.7755421263704414,1.0146272259320743,1.317884427000113,2.389865347941853,1.5854293821661771,1.1772683403576514,0.6165012055422686,1.3834518390253427,1.49149365286685,1.396331259362979,2.5184287498276157,1.884911144476065,1.4131313748782843,1.3031227307310929,0.7219789877636702,1.7232183696072245,1.169989804444712,2.2591132971482795,2.2562701672246672,1.7992757120008758,1.874463730899598,1.3106758729294836,1.313826543202659,2.1461213691432306,1.4461998190566734,1.6069514906586528,1.2955448966981338,1.7443847314890253,2.6965601572133586,1.6919813345843384,0.997540038157028,1.9102546625017425,1.6062441493351514,1.4525468350070003,1.0128219892284713,2.220787357509549,1.9598804455428296,1.5250892148455566,1.8441350347656604,0.8054091846838667,1.233213178857086
Sample_100,Stress,1.4089574952287875,1.6370689842690176,1.492125941646997,2.394357178183809,2.517105549221033,1.0454861800382507,2.3146596380375217,1.507974267608372,1.4606015739297884,2.8453074637076727,1.7921996207139985,0.39742918766430235,1.429009236156328,0.899403247536678,1.8982061081940707,2.205329417040118,1.7144062937355642,1.0491498686710894,1.2893451027176839,1.2934584851471602,1.5401807747860614,1.6450433730061091,2.4971355034206444,1.9507187895368654,1.433055679744379,0.9202635050255955,1.9221021520173645,1.4266027923443025,1.0963936811070418,1.827650220640575,2.283517449374534,1.6603481700279146,1.7366341521667872,1.7654650822894016,1.9087782716802033,1.727693051679548,1.8488632982281608,2.2255048749662163,1.5188665581845622,2.225565320678143,1.6050073267523468,0.8667596355079237,0.9496987899817734,1.292944601124712,0.5951570535387115,1.3028645559200809,1.125977120721164,1.719163685668676,1.523945056704457,1.8390372853974193
