Sample_ID,Condition,Metabolite_1,Metabolite_2,Metabolite_3,Metabolite_4,Metabolite_5,Metabolite_6,Metabolite_7,Metabolite_8,Metabolite_9,Metabolite_10,Metabolite_11,Metabolite_12,Metabolite_13,Metabolite_14,Metabolite_15,Metabolite_16,Metabolite_17,Metabolite_18,Metabolite_19,Metabolite_20,Metabolite_21,Metabolite_22,Metabolite_23,Metabolite_24,Metabolite_25,Metabolite_26,Metabolite_27,Metabolite_28,Metabolite_29,Metabolite_30
Sample_1,Normal,0.796269195068999,0.6649016103406329,0.5450312818008779,0.9573937747903729,0.6654285767197324,2.8679152687220473,1.1891818536262833,0.4867478116272191,0.469590408395009,1.5238599455610498,1.714433298103426,0.9610092609942357,1.2638909130576805,1.518516597396472,0.5563319110867619,0.7475122133510025,1.0642378477187913,0.734963336155811,0.6931329812242459,1.387350929224639,1.5116094559305888,0.9760306531710928,0.6869714708250267,1.0394632526055718,0.6475521504646834,1.1346489432612294,0.9799461399179731,1.7632129009150075,1.3620648854666544,0.9257381463378579
Sample_2,Extreme,2.626539518553126,0.983356057533785,1.1946200389899162,1.6730637178487728,0.6297111056742574,1.1189292771720214,0.6351349075489,1.738892510852609,2.028631002074995,1.4471553292001935,0.32397096399403796,0.9658780882349625,0.487581369634954,0.9725847597902458,1.7153601798761313,0.7680678099802959,1.6340188001328795,1.9762077290159605,0.7405230331343997,1.212692152347722,0.6922907750579128,1.2081498816142862,0.6220433504865751,0.5655254597201879,1.3896269009400424,1.6372001276822927,1.4184340775338482,0.9232176900649227,1.2784146856186396,4.515585388945203
Sample_3,Normal,0.7600682895321894,0.755760552566801,0.5833196162981666,0.777773879227483,1.5565020922906934,0.9865110522536616,1.333517951350999,0.798122765530906,1.5900170514340224,1.3549099480671807,0.40465496804526874,0.7639481729509889,0.7314243486104413,1.9312821479975804,0.8513871720248758,1.421676715420957,2.692422648510155,1.5630036490574541,1.2512786699599858,1.0290262606056926,0.9406113642251759,1.0141917314028013,0.9153246346729975,0.500680688970136,0.6832682874166891,1.1960261950821591,0.5232072080212861,0.9605228296716357,1.0437136670584313,2.021578341041614
Sample_4,Normal,2.5325730730651825,0.5217360961519699,1.6406453312723244,1.7887462609078284,1.9100922375760734,2.3723194760057043,0.6691653768051106,0.5443967229228338,2.8881688440338715,1.4595948821013307,1.454772301484564,2.5741314993555364,0.6954075836966792,0.4356562413079972,0.34932561212289887,1.1690280705876364,0.8655391433669405,2.0499779591980154,1.107996650173346,0.7943325665727841,0.8259896916698704,0.6905017173539632,0.9485464794406931,0.612996493542135,1.6542904087729449,0.8411309432908454,2.17773531353424,0.5296512449989523,0.6624693229039649,0.910603771391139
Sample_5,Extreme,1.4214936452099702,1.6179116238604498,0.49953915934382703,1.9517625766155882,1.3474570313562155,0.43634363777819235,1.9219548670023447,1.660356770084357,1.7744006351464643,0.4915623889553964,1.2292310851891353,0.8672526475653828,1.8956990541795624,2.5796141934378074,1.1487030366753814,1.057768098669258,1.0481966617047422,0.9978694206903934,0.6327395054739149,0.9011022535190327,0.9033698744653719,0.5282658770336652,1.132014555863064,0.5970992614797097,0.8167079650219157,0.6897121534710015,1.0785399550025982,0.7684763880503539,1.4189065123363875,1.0754778149660713
Sample_6,Normal,1.3418812365238462,1.0589867383954625,0.9406714214814086,0.486753696205574,1.6919728642811953,1.7122162906072627,0.5395844535952276,1.2281916548848755,2.519323673979847,1.3609000389118253,0.8354005050704154,0.8151908286601338,1.1865300437055948,1.1217916824909846,0.5647851782259107,1.713282043778818,1.311515778405718,0.7642235870373694,0.4914239705407335,0.7484271249804432,1.1117220145458782,0.6271602606995372,1.2931149982776298,1.4367466331466672,1.35386718848746,0.9412894412008017,0.9006535965568848,0.9556376855471215,0.6239177447402988,0.4934702425777495
Sample_7,Normal,1.155760670998032,0.6502144117417763,0.5662012533313369,1.3633570993266957,2.3312700938721895,0.8623794569958,1.2509122375432133,1.0024596356662452,2.447922546844798,0.71484903482997,0.5136712559368737,0.9087844331166851,1.6799809036677824,0.605181145754538,0.48244580771432716,0.7713593608341677,1.1230491007287817,2.7800255579417907,1.3614511878333606,1.4745692542424982,0.4593766531867575,0.836720001349923,1.361803917545093,1.1153027108341649,0.8493013420587552,1.3795701739579376,1.9033434621465242,0.773896591366245,1.3486416863986461,1.1151236411146532
Sample_8,Extreme,2.863647262124341,1.1007240055208534,0.5593654334463,0.9459537096336071,1.1133501147694196,1.8323799690442883,0.5584490003851448,0.6252074759619848,3.6079412015889325,0.8584426525736163,0.898522126849391,1.247762295632204,1.2124762521895058,1.8150770640017668,1.1161993142359279,1.5638850443553194,1.2316361365911448,0.4349385168532232,1.2565331491446008,0.6425524896479556,0.826445442429728,0.7678895114361897,1.6739057646712212,1.8926552596694524,0.8422258094529466,1.2328709107061433,1.0908437884229851,1.4984627106050619,0.4135070326615064,0.33437599618812297
Sample_9,Extreme,0.405629995147602,1.4126052308342107,0.7541812473063279,1.8980855110277737,0.8729416409414477,0.8043374376723269,1.1008743088798967,0.8896236923305948,0.5538236214363973,0.9790318213438154,0.5851322596391263,1.8496217233925845,0.9610466385223617,1.8009555480720756,0.6235785045465193,1.297173970812851,1.256276917105531,1.9039648838613017,0.9301016775592698,1.0474514969344237,0.808154658425368,0.8009316653843697,1.0113212914923115,1.0558077599983495,2.3673676974180826,0.8566991130166438,3.03304410751894,1.4530762390836367,1.5174179517979982,0.5853823392753742
Sample_10,Extreme,1.7262734566452198,0.8180727053571543,1.7923387284932772,1.4525645914334322,0.5345744916326309,0.8789864194303048,0.7752215279407743,0.6877884442004367,0.5205231536837339,0.6254411378603049,1.3366717637909802,0.8278830335875599,1.4163532579605311,2.376005219104973,1.0355325550025987,0.8370986155140548,1.4999961980855083,2.7502373424449096,0.48779232366913355,1.4146862602556791,2.07294056389207,2.335005220953858,0.709651792739824,0.6677610502711286,0.4618655684319364,1.7346356157958698,1.5440080892936814,0.9456900138404021,1.022760268838453,0.7489857487620567
Sample_11,Extreme,1.1160503947909945,0.5958046878343978,0.29056225681008147,0.7723496406390371,0.7206147570015868,2.181076736573896,1.2911228238156713,1.290078798054901,2.244807113560073,0.5998839724966881,2.1286891923086357,1.534184694293491,3.0914181937575465,0.9890860635679026,0.5639440226377012,1.4630932253655886,1.080924679127421,1.6828805252706374,0.7827988535225721,0.9899597855110254,1.2925951408179401,0.9691892671877936,0.9508215728091908,0.7250513696197189,0.9835052627026624,1.6739050999278176,0.8278728077248473,1.5937154437727818,2.000444531585898,1.1557040802077716
Sample_12,Normal,0.47260933386898474,2.0719450610208545,1.6288708978778552,0.7261672631929347,0.5547713808663605,1.5647500220126234,1.2054856258651412,0.44201687374176757,1.1092226878159237,0.5982759854287595,1.02100000280784,0.7511042031707438,1.052810144430168,0.7360738480440239,0.903070129026895,1.0035075541507665,1.1818755443795828,0.6773108153261415,0.7086381723540597,1.3015509449416387,0.4005979094190607,0.7080511195842274,1.4353189661716648,0.5733375528175463,1.962925921627564,0.6792017101536006,0.9073713700167556,0.5002562995230038,0.7976832543182534,0.37007788863526475
Sample_13,Altered,1.9957984944149618,1.3531113956764433,1.175073130882888,0.5009379406584604,1.040090158758363,0.9577743748342973,2.0174150787955143,0.826503255437572,1.4565487003018125,1.5788912965898725,0.6863668192426834,0.531258115763449,1.5017777951876243,1.195984736351691,1.368323799553612,0.6672111596820303,1.2734078937225763,1.8670802801555462,0.5864988489048775,1.1053742277960383,0.35465098515326754,1.0533640150540309,1.5562848872518478,4.562667604845561,0.8160735206664267,1.82294370000308,2.3035156554034932,2.169487863748994,0.8132931203953807,1.2537844657099328
Sample_14,Altered,0.5623218737847349,0.896806381031,1.089037314841018,1.003176054858849,0.6723561628236978,0.6918832335296445,0.699758497121666,0.9130060667501414,0.8832143368475202,0.6317025102096847,0.9170916115485717,1.0832362652311454,1.5272854520517705,0.6721490792686275,1.2742568601016393,1.4070358572975423,1.0575866901737077,0.3746039901194076,0.5550279164709093,1.676634281367857,0.7532855731075713,0.890387279556769,0.36016818438808146,1.1102429348779765,0.4730576440016512,0.9907158794953366,0.9360770464443378,1.5456731734474385,0.878697268725863,1.470791042569227
Sample_15,Altered,0.3528619903679231,1.760360375879218,1.5868693457288163,0.6850966955994042,1.6473151449694845,0.35225200521045286,0.9783328976824462,1.081410552293169,1.2003559378937736,0.8264320739600207,1.262157167227881,0.8938692471513074,0.4993683946054947,0.6103627162275711,1.3560678710456429,0.6883273407008079,1.3825480078341068,0.4215979235764437,0.4098339166972756,0.38407597108803754,2.244873926112249,1.3936689959963373,0.7549303059243165,1.57073872462549,2.696344313145324,0.48252200492993774,0.7710523591014801,0.7005027484615192,0.8981060469922272,0.9338728317345635
Sample_16,Normal,1.1039834464753457,1.1615181010013824,0.7655601570813617,0.5987211244274775,1.4376239317543515,2.0079111378775605,0.806738263223252,0.8864699495063056,0.5499271529958144,0.8272822951467612,3.1387470363628815,2.5124191795739836,1.0287097977034245,0.7881580557613314,1.2282691153510312,2.401514568428941,1.2285930826263327,0.7501123650224125,0.8666770385853901,2.0392376641118513,0.7258601411773615,2.9779708512435263,1.274079575669188,0.3985371248449547,1.9985957304502167,2.2077307537329904,1.1268613187621397,0.7808339347436472,1.8803970371082037,0.9555339868517202
Sample_17,Extreme,0.839761021833798,0.29407174144289006,1.145683377470239,0.637905613210831,1.044218843009801,0.5784599705531909,1.1446314104703006,1.1389530605130123,0.6814084144509702,0.7747267645433528,1.0887988064038672,0.7381016743217469,0.4987816625372118,1.2643585000323405,0.5354927370211322,1.0039494807113858,1.4460039185127094,1.2389916374765795,1.7580408155700167,0.839069626269754,1.478234579835607,0.9265891518358856,0.3247818293361379,0.893020941414922,0.9611359338124009,1.3442529451123157,1.038857594501165,1.5328568149234685,1.6078344711536967,0.9058350880703976
Sample_18,Altered,1.4255855375773798,0.4912629449941501,0.9345360364352194,1.0991608813431224,1.5650487952334986,0.9794281747538789,0.24819652530957242,0.703919176976726,1.4376265453977353,1.808363656092822,0.5377699201674353,2.590692487303643,0.6681770955091856,0.9741331337876166,1.1361793764738155,1.0811888887038654,2.083260732242454,1.0690990647551593,0.7778252946153411,0.6803107094193745,1.5293129479823082,0.6280771782519264,0.7473047664959588,1.3489301404502396,0.4635021820792845,0.9310679967284792,0.8575309744223886,1.3942854128095892,1.208592605387494,0.6603265430287157
Sample_19,Extreme,0.701666147050765,0.6719602928880648,1.0390661994602368,1.6925422336356784,0.44108984530181256,1.7168129226748414,0.5012727385234286,0.6883605318448257,0.3797512660338549,1.0139674656589666,0.6275704395297242,0.8281639739852886,1.3412635159521666,1.4534754922101976,0.8432779462292674,1.6525108142895886,0.8497088666448265,1.580070698924675,0.4916358354751935,0.8728663209865294,0.9759382476510435,1.3870073231121827,0.7497645620134014,1.0161789068127922,1.8152340546198376,0.9646397641046845,0.8952777943922378,1.1572289405419176,0.8691155461200494,2.053773742943875
Sample_20,Altered,1.4181788313331598,0.7048955349864584,2.6239455068254824,0.997488556425882,0.6955081582242688,0.6209532934864055,0.5769796160797038,1.1842470683504742,1.1009994051209777,0.7516908732052935,1.4387687801799565,0.5296341811085871,0.8216676368800313,1.564358965258585,0.997690126287485,0.8563242004785238,0.3352509685598103,1.3081865508752792,0.9937951654877061,1.140841385681032,0.8794889853992257,0.8287873313971046,1.4992713936395001,0.501880673550453,1.7905484523739186,1.3661878909668768,1.8352495098415391,1.8312413241818428,0.39063985164175097,1.309692964304114
Sample_21,Extreme,1.232883221432831,2.35776158832349,0.9601889210156128,2.1503734400449264,0.6021281124013674,1.7279325853172909,1.8442101285250598,0.9636597388514992,0.6011879225385225,0.9666454579043475,2.123435966384747,1.3239434029440897,1.4308565357493954,1.5955412498845463,0.4686333395090863,1.0842723555508358,0.5606754763470548,1.0845000330136694,0.8567108780396798,1.1991934162492803,1.0114355571313896,1.691195907863576,0.46026467316318864,1.190430564508138,0.7093327851991308,0.6984870514245574,1.0750567520240661,0.5552332130488006,0.6096318181770605,0.86584674083383
Sample_22,Normal,1.2315708051023515,0.7712196412595732,2.7708184534243685,1.6329452821303234,0.4800126771101091,0.7547497242509271,1.5297428924375374,1.1943512664012053,1.1209973881625943,1.1257684801646466,0.8293836978801516,0.7770775751943639,0.4252942067465414,1.3971950303703047,2.443710495876705,1.2235808467143716,0.5566314197588959,0.8753871819149491,0.40284230666605986,0.6753598914540302,0.608114767154086,0.36752341084927487,0.2926593675507846,1.2205414407631145,0.44900834593933553,0.6877511570078297,1.0800319540260124,1.3322334538175866,1.2595091775962772,0.7990728131564399
Sample_23,Normal,0.8469917987462042,0.6674883641069326,0.8914595612767221,0.7767116769132688,2.1569870844176653,1.036589509515368,0.4778538696494017,1.3487958158404554,0.7854955077017641,0.7180516763966257,1.3266661170141725,1.7245801159122296,5.438716441431796,1.236572906382577,0.7506374335522088,1.2366253709311394,1.034367727533394,1.4858317414391202,1.1702713152336657,0.9733993192406386,0.9204924138919051,1.3901487939494526,2.291573150108486,1.1491510032474517,1.5748262159046165,0.399051113721134,0.5367074584816602,1.1353969443578629,0.9596868570079786,0.3184172358052204
Sample_24,Extreme,1.1935387254055638,1.5678940044707397,0.4651113124614272,0.8322749045469753,0.9554825617807184,0.6242780814843534,0.5574186090025203,2.628231963317155,2.071385950102085,2.0242343751240917,1.2754268518684244,1.0025603553880433,0.8759345681360745,1.4771053864831503,1.2539677789025847,0.6088459589629971,1.116009979773809,1.3851288105397963,1.7647057588670028,0.619832423880938,2.0043409616971055,0.7506131131324689,1.287200886134592,1.4126126736642324,0.9631379596230574,0.7094120593404787,0.2802434023623988,0.9500529291109441,1.0323864114409125,0.38984979714602397
Sample_25,Altered,0.5482156513883312,0.9213358581430743,1.9543243305135747,2.047278426977443,0.5619197715129085,1.6109006981321377,0.6553660088352025,2.7710987044975406,0.9006330583358189,2.157025682439875,1.4163669214722554,1.351086833756068,1.312221445380205,0.6404971675969628,1.0360030630407462,0.6455164834132762,1.4517589245821239,0.4184556573826543,0.6155932502487576,0.6666818563137307,0.7117841053376587,0.8679137281182795,1.7723577916836002,0.8915148267108558,1.0555284156908304,0.5976697159074679,1.3283284399294624,1.9931588367320818,1.1245403386733965,0.6285606009030178
Sample_26,Extreme,0.7725323839184329,1.3353935305194846,1.0835094019443314,0.917242127128073,1.5591914942044098,1.2500935089432677,0.825680709700459,0.9628969536423028,0.5161435229868288,0.6231619957298694,1.672248564086451,1.233513927095877,1.2665339243294196,1.385180096399814,1.0890777824744666,1.0420493450753452,0.7975114974146499,0.4921804644967956,0.8182414958999998,1.3146717473678082,0.3709978968764965,1.3694073063217373,0.6696012235322177,2.567582946325028,0.7099923584431164,0.8924572047524815,2.6955188824604246,2.249188273219625,0.9126452032498731,0.9973083747296652
Sample_27,Normal,1.458045411343149,0.4578901041035106,0.8289018237587581,0.8015690583871202,0.5349481293594718,1.2136267380935166,1.459451335025472,0.4740330376586018,2.1546947231067777,0.7504313169966879,1.1228834576822733,1.116976616490396,0.37860858331532693,0.8473483381416754,1.2301022571497153,0.5558829090503331,1.5952602860542193,1.5005898285094978,1.219325065042233,1.2740852709237716,1.4632016851493133,0.8503212485285985,0.6979461323636807,1.693134122920711,1.3751350686513628,0.7995943608710171,1.1397935426708414,2.264397394809166,1.0753950194805486,0.5854034022508753
Sample_28,Extreme,1.0042793447564207,1.113159699611549,1.0095484026145676,0.8208451528067897,1.5254499026538657,1.3810411473956488,1.1701793482930374,1.5334150032159657,0.7077696368309552,0.8362528341654484,0.920546256606422,1.517705679676386,0.35805051955462913,1.5197048501412964,0.7262066869179234,0.983997712239695,0.9717238934537722,0.8922967132441691,1.2755632123235983,0.5727388651129003,1.1320618750583382,0.9936754228599806,1.4125762358509883,2.83360274684479,2.6251867282872605,0.631520892334084,0.4334129648788536,1.1394101271187176,3.1661418318371086,0.5263770804594923
Sample_29,Normal,1.5450525364044234,2.5001991657346934,0.9137238217631104,0.5422485894899437,2.4373946523812378,0.9193923629846398,1.9851561271494955,1.5318392259085631,0.8059689338846057,1.7347347030020732,1.1546122970397903,0.8085070167168356,1.3948601204539666,0.7235086716170394,1.528585783080672,1.7779601325292498,3.537361420472113,2.18784043427248,0.8267250473490426,1.1177928746764767,0.4287718599208405,1.4051411660933273,1.051029888764288,1.670168762908026,0.8084626877268645,0.9524028021212415,2.1450001924321525,1.009267993176671,0.427401389381268,0.9738347773630738
Sample_30,Extreme,3.1779827798701183,0.7759897004473294,0.7000081415067673,1.3546906587209908,0.7303322060635061,1.6366509828396236,2.0512739890444807,0.5362800512062067,2.3363214238312424,0.8974373812438637,0.9207102026853432,1.6226423926498823,0.6377746991919704,0.3618705003662487,0.5178202696507362,3.6181646163277854,1.96538395962475,0.4886855437882944,0.635949347739772,0.33303901151850257,0.9058806021726883,1.0099725141854468,0.713725800141205,1.7488736181361195,1.6508660380456657,1.1341040397000277,0.3902465373264264,0.6402528600868089,1.4086663345096344,1.0246675128657905
Sample_31,Extreme,0.7521319077633195,2.893990455278064,1.0218252609631968,1.5082319377097755,0.4254628002218036,1.0278780406429984,1.3512863106554327,0.6103076688208384,1.4189498816737045,0.9078950492881658,0.8684025862877636,0.5700639587857396,0.44854590079017725,0.9214990462951687,0.6063129675995422,1.3450110828383524,1.2185083557896597,2.149241893780317,0.5721073420117241,4.508819644069928,1.2802205987084017,0.8578732143520653,0.8558515333494507,0.6971417484233804,1.1027243724597828,0.545533067389197,0.7672626990013517,0.6386899671082898,1.3472289302901301,1.0972295432424313
Sample_32,Normal,1.2429355665393647,1.1918049858473956,0.3951259135636511,0.4007011986038189,1.8382016791882718,0.7500611565576828,0.9514429361035189,0.7176379574607573,1.7418499958534113,1.0190588638983482,0.88919314007639,1.3113671728049194,1.1524670210380754,0.3161939978397198,1.5757969038895103,0.6746189682892689,2.5294516031149774,0.9810151019994482,0.7295357337770043,1.4930375282511503,1.2328088129860193,1.6209871294362352,0.7945374368650387,1.743295125983303,1.2331014595058551,1.4060572397406255,1.0505225007000305,0.8333192441260404,0.7990452208737246,0.7761014956292444
Sample_33,Altered,0.8752260680945421,1.2012988349883098,1.3902140962899328,1.0110927745427396,3.3167113924375573,0.5971969887528555,1.9548074146173757,1.923105517917732,1.3534702338593583,1.0758257149928756,0.777403895154334,0.4506579925196559,1.0531685401754913,1.1972734449233844,1.7066479565397097,2.0981734617285364,0.9703637632166546,1.3228661873008842,0.6937670196670781,0.3856120551869696,0.8893745589203446,1.4354624503725437,1.1986922068512642,1.0484912917004752,0.716843898776243,0.7806037281420083,0.5179092605361683,1.364264084481016,0.5104815873574163,0.9064539514800954
Sample_34,Altered,0.35308513214451737,1.1609037424486968,0.5950334117899396,2.454219382232735,1.0046995755364523,1.2003207404052183,1.1043424108716096,1.0362675030626907,1.854260842287323,0.8998715484291508,1.27012739389478,0.6732015455858679,0.6698145899500806,1.1836715108186475,0.5399021361015583,0.31227543176851036,0.8631524975722968,0.8299950148136754,0.9250061551169659,0.9449898999569399,2.3118724588661435,2.4598084032517833,1.2220950306556424,0.8531855750715833,1.4112369036150367,0.8913909936375585,0.8388697544335906,1.0589753592952014,1.2331664425494901,2.4330586403085843
Sample_35,Altered,1.6702730485314334,0.6618852903196203,0.7927068694574124,0.8435833277556638,1.5618330327531025,0.5338987781360247,0.3740869669520977,0.5578327037136619,1.8499268214138214,1.240748655568215,0.45618266150441844,0.9205253468959396,0.6769847645194454,0.7716310808142447,1.2136106001117803,0.5427385998894091,0.5492795646250032,0.6845946038967076,1.5134095098438927,0.916707132474082,0.5471233588811374,0.9331951743839616,1.8755917434685203,0.5167247721766401,0.5907325955063163,1.5327122728624245,1.1329990034734034,0.95955517320221,0.5410223168503707,1.0102328633540183
Sample_36,Extreme,1.317286752182823,0.48399266044599787,0.7242973154645683,0.5989818442706581,0.9855614756657188,0.8411082476794102,0.9514400801959173,2.032595262880903,1.0762979229818612,1.2875582865689688,2.046401955993504,0.8831353310554569,0.6296887746033235,1.8436871283248994,0.7632662413748084,1.3563009472056513,0.723973983540888,0.7220970791964086,0.783950472184955,1.892333282265396,1.603244215441842,0.4076477958102997,0.8795262070162592,0.7175814020805211,0.7345054902603334,1.190694490585469,0.7529987377302368,0.885918057158409,1.3009767080854948,0.960959217316798
Sample_37,Normal,0.7404611503126425,0.5559309937958569,0.7188514683140992,0.5529282585073323,0.9080689068252339,0.46595772588618434,0.9689376010397722,0.6859956851436126,0.833534341406631,1.2024839892891304,0.9820875141933486,1.009282792002669,1.6300182343338772,0.5772159853523222,1.6536782978209699,0.6427572367762393,2.2027108740547203,0.5670938363305565,1.5827226057267603,0.6653511461569254,0.802671507702816,1.0937927628166753,0.6929111639801876,0.8449386673475195,1.222960799690856,1.5599059197068847,0.6243287368486901,0.8647339861842922,0.4891508823578172,0.5870916940069005
Sample_38,Normal,1.9099382712124653,0.9085199864024602,2.4958977252203423,1.1212213447557988,0.6166725664910749,0.5212756794030612,0.8922014090062161,1.0388316617724198,0.9576056224339985,0.7151411360640616,0.36749134495269736,1.1039152608489742,0.7042720102664196,0.708090008419472,1.3453702558038265,1.7229991098524726,0.588116473282901,2.383106571174175,1.0883113801601048,1.642351182684809,0.9098645301299603,1.6623022589455405,0.40794923699335506,0.5156426990058708,0.6920872151876463,1.3040606393855854,1.2773362136664983,1.1922747809924628,2.2382796037255104,0.7573425878063748
Sample_39,Extreme,1.6684306625679735,1.1462857343391413,1.0242634123496415,0.6842358695528674,1.5861182121816988,1.1392437976348648,1.3792723560070825,0.7630465295363228,1.1289503834895223,0.6994381034093204,0.7891590405580947,0.5622699200857192,0.7483431385625593,0.71337790980332,0.5775475183120985,0.799045448036341,0.5986618546672234,0.6390327914201085,1.0183897162974442,0.998311144028832,1.2179859010913332,0.8445704065041449,1.797244224133867,0.8400019163904379,0.5405926508290059,1.2947876365009046,0.7887533466258323,1.0310847324829102,1.0951373037734728,0.4548335131548591
Sample_40,Extreme,0.6381668948458985,1.0134160508655232,0.42258356016949866,0.6707843561650622,0.9470828497911449,0.41570402395099665,0.40436620611032015,0.8321039240102137,2.0077635759613086,3.907761123899325,0.44386850616811485,0.6688451018304024,0.8270690748261351,1.2790300223086517,1.0193160839645845,0.9577725901935368,0.40021561685282414,0.3570659233391237,0.520669722509159,1.8963840308471631,0.7099362270347297,0.9248719885406409,1.2985697860175172,0.9475622039780804,0.8907306179938403,1.1049164749561775,1.3937928629743888,0.68785146911037,0.7245296915845705,1.0101201132356814
Sample_41,Extreme,0.8430176199607069,0.7560197757013981,0.6563964447028039,1.9310935006795678,0.8950126154350548,0.3568811474803673,1.322030753453829,0.7512057145189296,0.39327497093932284,0.7303604612035077,0.9575309033883063,1.7829691688885616,1.1151831198416244,2.29222505650651,0.6973914783375895,1.3120087355451215,1.7838652988421233,1.0082140965144264,0.7387984631422201,0.5930599858411165,1.7320382589619678,1.423384888596936,0.6580212702157906,0.596234711530369,0.890339961875049,0.8266370010441912,0.5973500259823051,0.886579992427594,1.3035617170815683,2.1963799222006446
Sample_42,Extreme,0.3593253266594413,0.8155422114427746,1.771330910958817,0.6772420084443682,1.086165797617178,1.165948477365199,0.7195994103475358,1.3756523568351564,0.984469117876034,1.0718994886556632,2.280035843659771,1.293418757648498,2.5700290172404476,0.4825287554488989,0.784233210835791,0.6438943723873263,0.9950979121874903,0.5545635923768107,1.0399929164671589,1.2560746759857224,0.9031829881724255,1.9101474502400275,0.9288472739469377,1.4946200397846954,1.0790946834605204,0.9139543550218469,1.300335593956248,1.3680961596448282,0.7316244839826461,0.43910637942722236
Sample_43,Normal,0.7533906843381295,1.5595168678775782,1.0754522411677887,1.252759068852618,1.2847172174561268,1.900650078063363,0.9199703873462727,1.817247077712397,1.290642570886882,0.9293545193298683,0.892330129062432,1.9894438554136344,1.2590221599231886,1.0137324336902285,0.3566029802929539,0.5607434148782825,0.9796476843187033,3.0580427972894766,0.4163493690636805,1.3563357571095978,1.4803698445604578,1.7777661391819892,1.0876903093946406,1.1653325779623693,0.951309478949481,0.9807745797573486,0.4597726421370374,1.4836489168024627,1.3724349135322016,1.025472802902696
Sample_44,Extreme,2.098360366240549,0.5092156752142373,1.1672363178467646,1.8405523759722082,1.2886264043340472,0.9818669039250801,1.7018348222885902,0.7095904180866673,1.0820550630978307,0.9198509819074129,0.756866864767541,1.4444151637103484,1.8552051602988822,0.5624656849981781,0.6889527493237015,0.8972015461809147,1.1220445752686965,0.7030731055120262,0.661992513763587,1.6320296203460376,0.7566842229901048,1.6436838469594068,1.5408536017713614,0.5367831834326131,1.3845316894307962,1.1236511682903674,1.3314353318586705,0.8802212116324547,0.29410713816060063,1.0494668518958894
Sample_45,Extreme,1.0607816409952093,1.6770456075930626,0.799952859614243,0.8229000997453679,0.43558942294234315,0.9721652039763766,3.523194496538359,1.4164478822927777,0.6225826944599072,1.4639821019081054,1.6863685067719014,2.446591402928608,0.9379565211921068,0.5106850536286737,0.6726223788460599,1.1282173383335916,1.110473012340991,0.9020344380165599,0.4374750360196793,1.4502982337391233,5.2651618365439425,1.143060433455715,1.1991910082267978,0.7245700645330495,0.8853722322332156,0.7573601984329618,1.0954253020679916,1.1181163593422532,1.1224671054091775,0.8212762742400932
Sample_46,Altered,1.4654902106840888,1.1941024154809348,0.9864918800178518,0.8003591661050534,2.0384891478835176,0.5528043740815495,2.1372843072994208,0.6548300405987093,2.0638680207174915,0.51464910191788,2.129771457971415,1.1522878387218336,0.40030375106512756,0.8668870327115439,0.5725400523278352,1.0035015546788206,1.7728634880400573,0.6304431881688833,0.6034552222376968,2.6551642514709224,0.43268343031486406,0.4914487563737973,1.266505237619258,0.6496042886066078,0.995793462904915,0.5370643462226377,1.166453509039637,0.652955365859718,1.333230000797228,2.117537229255803
Sample_47,Extreme,0.900972107612667,2.6552041632086616,0.4429016393286183,2.0538491569818977,0.33597108897032024,0.30306009543516044,1.3359577130804667,0.5883828108657061,0.5283688413836138,1.4383801763101236,1.3441599669906121,1.9576020686047562,1.2528662349687671,0.5628104218197967,1.2822297545732935,2.2983971633390707,1.6718055140131898,0.3102274122649823,1.1912750619190549,0.5681704516565432,0.9512231997464045,0.9979524228596539,0.309122483696356,2.8815841283750054,1.1218502224810067,0.2837252487575515,1.3801112010626717,2.1785555874920397,2.306287240962089,1.3412570298688105
Sample_48,Extreme,1.0765527574415152,1.9596770420787992,2.2393616884597116,2.9661828287482526,0.6439341452934285,1.788108365229597,0.7592586827094803,1.5256820914656228,1.0051265854954836,2.757033682349227,1.2425240722996023,1.0382246173900593,1.696111116046839,0.538327630936212,1.4075015016085386,1.6459782672687644,2.42734363978792,0.7652837376583904,1.0190039227074372,1.027246831291175,0.8408115905490773,0.7393478832780315,1.3381491655948843,1.253873947524453,0.9129783499648412,0.9099574170497096,0.7176163752755088,0.6199923670740342,0.8206394404716174,0.5133992468020655
Sample_49,Extreme,2.6623276835210756,1.4037315193504278,0.7975444857382262,1.2179921582228403,1.8731336262556812,1.6562567297371251,1.3200669763573836,0.772868800113573,1.3026077968720522,1.828710319816561,0.8194047650206121,0.741022932231453,0.7158319542356504,0.7602736104266815,0.9807204921623583,0.5674899609545481,0.6049655206706964,1.2633360992864122,1.018117824093258,1.7984689508382659,0.8977976056585453,1.4542637730509398,1.1926929292266801,1.3649719111516085,0.4591620920079262,1.5002149869774197,1.200404177496137,0.9054132815417198,1.248066230822135,2.671839811936549
Sample_50,Extreme,1.0492056058698311,1.0895465529025492,1.7689412542004346,0.6616491873283871,0.37829951015946334,0.33212656671655777,1.4345022113858799,0.4097300269782971,1.1960392316211823,0.5137306452104089,0.6643354092805717,2.133453194762365,1.8364477508878725,0.5724111113091943,4.796788844228105,1.0393013261617663,1.2870824299471955,1.0903170862117857,0.6579564761093254,1.4020596106340213,1.5995452887855215,3.6623144682664726,1.703923666078521,1.4355214984106837,0.6848760480010526,1.684957956032064,0.40445848220507524,1.208064001192765,1.146124894020768,0.6275143637582972
Sample_51,Normal,1.4305081222845684,0.7750083182283549,1.3453081131794382,0.6241696626202766,0.8722693738179379,0.5388295207043918,0.9217964647431793,0.5632124595643678,1.1884394310084403,0.4548511441403957,2.053880798261895,2.2416917784012833,0.4816931491676339,0.6638116649924666,0.8829958424202645,1.0809570993989686,1.2654362176871314,0.9743591859146585,1.7701696326988805,2.0500460297360767,2.3855913701116935,0.9963327775232972,1.0820332312059784,1.4551129963746268,0.5687663116008091,0.6295532560357051,0.2925422365123472,0.6185599343369667,0.7138494093464489,1.2170129564614565
Sample_52,Extreme,0.9779236683761589,0.4524909877667399,1.748319311756724,1.1353928754951836,1.5583623136904001,1.525956111085202,0.9272044950415194,0.36154406822411433,0.5773720953473941,0.6037699464522404,0.7063343633101024,1.1544582784867614,1.61498538370532,0.660349602876047,1.649583571884064,1.8808343481175873,1.6652467249323308,1.4690820545246372,1.3007659783911192,1.0247002340559053,1.4920114481512892,1.1826375570810594,0.5900065908258556,0.36533918177943026,0.5343527192104531,1.3308205399507655,1.0629377756046996,0.9433739484129784,1.7515180895576197,0.8730045520919153
Sample_53,Extreme,1.358765981919149,1.7329583785712936,2.3464143244110587,2.6087246720383552,1.4079215307408874,0.5235880744522081,0.7281254540571565,1.806778133710288,2.263913716211379,1.0525776979476544,1.1290039554999827,0.9856859094744966,1.8219054821878589,0.7106934867217092,0.757642532769951,1.3999059613573366,2.142332959474922,1.4099119746593087,1.425155517704463,0.4462307207950569,1.0999257908734152,1.1941920644215145,2.3389382787348456,0.8155449853516595,1.418426223464635,2.0373885240574734,1.371097230322302,0.913694451237073,0.5621188677212081,0.8974002727355307
Sample_54,Normal,1.1204596990821176,0.7789727824783503,0.6936994257098349,1.073959223076807,0.873114069955016,0.37421171423056987,0.8122717165226881,1.2984703775198192,1.164548501432088,1.2683125942963083,0.7059961245935221,0.28610516760533683,1.9955846087647728,0.9408864351349896,0.8651538092218641,0.4894521861566299,0.9588241846908008,1.4303763785496943,0.8895824255882625,0.6595813129395129,1.203812456893709,0.6458457314921449,1.132815562654183,1.3499228223714794,1.9941532617702453,2.1198189816821116,1.3297876212469406,1.0358227051239879,1.0528552116628878,0.8944425498145337
Sample_55,Altered,0.5080799220947576,0.666764028337376,1.0801091691807776,1.0564744397424006,0.6407164216915262,0.3917092842021229,1.2762502665982427,1.5416485052595343,0.832192126628821,0.9044720206649455,0.4530690652304373,0.8126932212886842,0.722599981094332,0.8171910262866461,0.8272221867997578,0.779845768787726,1.1877681086469811,0.3481685985843606,0.5568267824680374,1.3394507798348854,0.7062304590631701,0.5525339606680826,0.7823667082536607,0.6830740342615321,1.5128657580438,1.3460152935712189,0.5026349638282047,1.7278388595499143,2.099210605451956,0.6204775575771974
Sample_56,Altered,1.869994270441434,0.5423657815726438,1.0094986083733999,0.8284806266665459,1.259064971875607,0.6654259837128136,0.40464105548548923,1.8639397780742961,2.3356469057921307,1.2865718113140452,1.1919071908980505,0.8496830973544811,0.8296191209669812,0.6809322607458002,1.2348820029602032,0.586919466595534,0.7879452166254499,1.0854781986430198,0.9923811509681025,0.6053436805887022,0.6163999677720355,1.0170832192560968,0.7035823597674773,0.8804944577452849,1.3246494783626324,1.8254315248198916,1.707386545224007,2.0687007441032215,1.9493507159066998,0.4894519543251325
Sample_57,Extreme,1.7336678035487811,1.309545819692441,0.35811762489957366,0.6782672074617122,1.5106608651979858,1.0920815996779174,0.9123490924149963,1.3570557568053507,2.0800124261737847,1.0514621120303889,1.9332164955440796,1.6231783937459598,2.3040159096556483,1.525183419378918,2.6128461764372255,0.7305849316396124,0.42837419895133866,1.3953561215879573,0.3898799918659703,1.789893820307974,0.5469430351913828,1.5420644856446324,0.9771545195575984,1.194839547215586,1.1963986091341918,0.4209217267228506,1.2866072508444537,1.138238673394658,1.0775672603394872,0.5047517688818765
Sample_58,Extreme,0.3605843600683979,0.5457145122637581,0.3764653486267603,1.1265617380141921,0.7337716664906977,1.0058637631900362,0.35455570739730696,1.3660194161984367,1.0580582844969844,0.3818183394105339,1.7318468555325186,0.7010526859913023,1.0773545257330093,0.8056025830551446,1.254781105991415,0.5465788786403667,0.628425953098755,1.7351297037648503,2.7915339676878315,1.3885447056566413,0.978782771542358,0.5820537464089026,0.8062757380028781,1.0724110722796703,0.9044321338201196,1.3282031704526842,1.089569241708213,0.8901880178669223,0.9539487092050817,1.957829744664272
Sample_59,Extreme,1.0063951669573346,0.6409756219504795,1.0296211947236078,0.8390190140742266,1.167263527463343,1.5071094653572528,0.9687828822455887,1.343791603959769,0.491226997432481,0.9576344543585774,0.9345890649966205,0.3808398283021251,3.557919217436188,1.3588030964661244,0.7949169632373857,0.934068033205426,2.7413736976844474,0.5699818628397659,0.7233507419413725,1.3146706598823572,1.748519900300636,0.513723988498096,2.0715516169728185,0.7941345971442602,1.5270412234241693,1.4283786729243686,0.6394824528897826,1.369292954759775,1.4108565886353754,0.7030339019147301
Sample_60,Extreme,1.5156515848565326,1.065338331935012,0.8152285906793199,1.6033018978837374,0.7327209342986075,0.3667809010040653,1.0167062038452161,0.5426922829204942,0.7205234564704484,0.5988548118463669,0.9152512354655076,0.9867102525299923,0.7903544191091691,0.7597461831141576,1.0452533465192317,0.7848615846082048,0.919431516265601,1.1635448262190817,0.7756569477063228,0.612365260841396,1.1255066704949428,2.071262397735355,1.2775346540042152,0.8797094251368491,0.8584100248467058,2.9817548836579317,1.4837098671880715,1.264678694113822,2.511451847939297,0.4262216443641259
Sample_61,Extreme,1.2772551535702998,1.1076605587059987,1.0281809868775191,2.150644993678817,0.38763131021269537,0.4049165496816525,1.2773684307804674,1.8592680979560865,1.155682187565025,1.2063158677461976,0.39848259704406364,1.0161042164036764,0.9870862205965255,0.5319569666858622,0.8468595399964997,0.8609810745290675,1.4505326690563385,1.3103919496360052,1.0829437373453137,2.44336221536033,1.462499958111419,1.0840073464060116,3.2290764830568977,1.621014493682406,0.8884049657715392,1.6505184300252984,0.7678616376653105,0.7299746031845498,1.7779967469124414,0.8491293654416303
Sample_62,Extreme,0.7229473721498314,0.9437281379321604,0.9087735079259732,0.8247779299495251,0.4171974006770761,1.2872564509608584,2.5843572620653688,0.5567192022767369,1.2556431321796395,0.9556887949419471,0.9423308365755845,0.45714306943888955,1.2262964795135476,1.1753289829477147,0.6929874660889608,1.3357941330717227,0.7994394440602246,1.379061616647366,1.9246712609266814,1.013201225463797,0.36189140151042665,0.7129160454107296,1.911394946732366,0.7219697854883387,0.7908407861917297,0.9087564030289447,0.9129903686009093,0.9790233187862004,0.7805810769570732,0.7356483016081318
Sample_63,Extreme,0.8478938671442587,0.7442103013243696,0.7676045890239959,1.0094324913058066,0.9287607814379445,0.6553990071170199,1.5546887984860878,1.735668404740911,1.9766529842365024,1.0607692313956951,0.24160269779166962,1.2047494148973015,0.5366413275836048,1.1757232773792214,0.867110374275973,1.192502149270287,1.0038722972238634,1.5038590941443128,1.1123661322888443,1.173880455849172,0.5442578817824714,0.6073787421414435,2.526757060318092,0.3633611317708965,0.4288210118330787,1.4646014291498661,0.5121838600555016,1.074416195042527,1.1106682384063036,0.758782485005749
Sample_64,Extreme,0.5025615743948009,2.1179041544104478,0.885087634432086,1.2977168791853706,1.0187408061795926,2.225141162565262,1.2868283645109786,1.798760700856575,1.65978906747395,1.0309718270320662,1.2348725514294494,0.7490669398418103,1.4731621310279637,0.5597894926044914,0.2710500468404437,0.9181833776378151,0.6493475336820632,1.0231752163397059,1.9000995682988608,0.9844097324551067,2.8711464011366057,0.5733518589757778,0.8098238967828258,0.6444944408952653,1.3798396441631255,0.7924972837060521,2.362698368767148,0.5271363249395912,0.3764090429438333,0.8121937563578547
Sample_65,Altered,1.1976198446462218,0.632586147261838,0.5985427220356644,0.9983006588983655,0.9040310991342703,3.0771427731932137,1.641506787879938,1.3665478320857567,2.723276308093076,0.7172343207102834,1.290364227867284,0.947532712147286,1.0963770738344814,1.0730072458078639,0.3605762849661655,0.46621176042333,1.1408455418902737,0.5464953319134241,1.1266164176098823,0.6260358920737753,1.8903034775970167,2.3926819197318,0.7525377640853883,0.5178359800696875,0.6181487196865888,0.9324123870721533,0.7130848567470578,0.32289589063267254,2.222639265290472,1.0417803139564623
Sample_66,Normal,0.8408132954821207,0.9548311525185644,0.39323221942484354,1.6059024998633407,0.7121117985455805,1.120033550856849,1.1543009198515302,1.4556556571111916,1.0651348801842855,0.7121397621185429,0.9233269854958968,1.3127589526994554,0.7392548296674746,0.6431154803728882,1.990270777735784,0.8947128871846518,1.7775065069636762,0.8684188727830516,1.3016478072016677,1.1418584580561422,2.05524706918149,0.4523386901194815,0.5370168480665762,2.6944071987716356,0.631014502552572,1.6733777183396326,1.1210814433065877,1.1321287708043684,1.16823583552687,0.9855199596441876
Sample_67,Extreme,2.1868145177605647,0.7538607323803399,1.564280696627964,1.017723621642529,0.6020864566857858,0.7513192455097596,0.8773888850446598,2.4691874360198676,0.5224654657856631,1.022933181369399,0.4902231322711385,2.107980083022767,0.6453228851919036,0.5202067359172905,0.7306485328501603,1.6640325764994546,1.3705939592865606,1.4440161148509734,1.2793310748030677,0.9170530645407168,0.5144244013576939,1.2379213717168343,2.0958218493375007,1.114524052659803,2.309891499770344,1.3379010745490518,1.280871617166454,0.5853410040337771,1.8262729926954746,1.3392486196771962
Sample_68,Normal,1.6632670675253587,0.642531121775705,1.569995174518215,1.7865221053555442,0.8523010310749619,2.082971057278773,0.8598480424696059,0.499786255082839,1.049264297531264,0.4800808082118776,0.5874438866559205,4.177117232914781,1.1467709589208648,0.7989151667507143,1.0237394790288483,0.9770379768927333,2.586921295602051,0.6083716938463429,1.7944199746865903,1.440992354073827,1.8371528424568901,0.5337934558096927,1.4850025631304267,0.5625649732969518,2.57289098673221,1.001914084419452,0.8885416473475344,0.5194591959361652,2.1161664372134124,1.1727986752134882
Sample_69,Extreme,1.4174587812299224,0.3699184307426542,0.9608788538616128,1.1820578565063293,0.8992915567353338,0.41073274217460515,1.161070280652089,1.1270500460629433,1.2136936455486451,3.5596406962459604,1.5889132212016115,0.45160558195643385,0.9696290250666246,1.1422924121687856,0.6727991087622601,0.7009998598538296,0.76577770011651,0.8307190968259617,1.2716115493859934,0.8263372268893748,0.6814161001342467,1.015019106014271,1.8382961737750132,1.7242166055286883,1.167914314904688,1.120122972273487,0.9863444534208915,1.3053964057735497,1.265021988897164,1.181421505036841
Sample_70,Normal,0.7846621822647717,0.7304860081435014,1.4392243151671575,0.787982460355209,0.9695452786171486,1.2171805392525088,1.016477844619658,0.6874522369720227,0.8810315089266438,1.0940515491561336,1.4474447711550036,1.0935869708193988,1.460575245739238,1.1492761355929955,0.8237923104106173,1.473459947466528,1.1578602522328345,1.209134678795562,1.541535533912003,1.3585093057408084,3.048097813129834,0.43063297457136246,0.9354216114143034,0.5740458042324461,0.69616414145197,0.6173909880290024,1.676147444047701,0.42398716986171736,0.7309323572125764,0.6436751794767507
Sample_71,Altered,1.677602558021056,0.5293460337826013,1.4740296935081914,1.1153891738124264,0.7213678464082349,1.7312541998026874,0.6556565303870517,2.2401094371372703,0.6901829312054709,0.9987794144830643,0.5966339816710259,0.6424361849318853,0.46007781464924596,1.0010285505669554,0.9102355356364042,1.2843929880320686,1.6255657553568212,1.2754274499539184,0.9356654623022562,0.6971743244310322,0.6296706772180559,1.0657219192712117,1.359736345714436,1.1795605483910554,0.9187983392620314,0.5869741998314786,0.5960567687330034,1.1616316635777584,0.9996955860037814,1.216590886318888
Sample_72,Extreme,0.6000565909329276,0.6039658133449876,1.7073109661553336,1.1924714877515132,0.8599075043554868,0.5254904152547076,1.4169485786422857,0.724925821437215,0.8133521581146229,0.8195133249254577,1.0746733351233475,1.1258000654385134,1.7821377405024696,0.9523178882950196,1.3734952495540518,0.6890101722104424,2.7177628291021088,1.302195856558662,1.5351393049377506,0.7714492457490479,0.8932616660178192,0.609394191756993,0.7476425974569758,0.6612851187097161,1.588517457400716,0.6736273624428414,1.143848950185943,1.027698078560725,0.7358796624002379,1.3006639176352608
Sample_73,Extreme,1.26637030069536,0.5262809213281326,0.5341968530418251,0.7913306578194217,0.49192713835429946,1.101841850796068,0.9675057560964353,1.80186838137532,0.5601815780493691,1.1870237821610874,2.181714683769972,1.5987336646420558,1.1204521800481224,0.49123726516459565,0.868100502323811,2.8595878283144787,0.41721580928049573,1.2020910784732257,1.3051332178589008,1.2622212185702875,1.645147908035663,1.034770807382519,0.7527382722292479,0.7416835672604605,1.251128681227295,0.8417576400954982,1.166477758548234,3.5250672279545636,1.109873312146611,1.691580603269579
Sample_74,Normal,0.6918156632312205,3.400054307823623,0.9159244678417165,1.7109268799763198,0.8295747911944623,2.0170676608780513,1.2569398957724194,1.0691704464413259,0.3457654806416563,0.6128468606706758,1.6100513382215427,0.8241226192560106,1.744930769766625,0.9255630317293561,1.4358990297290068,2.950874742455478,0.47715702833848567,0.6623120214416576,0.5862141488154817,2.0345004405819136,1.1868464983062608,0.8023796077160862,0.5563904585283371,0.9545721402682722,1.0754164944406552,1.204713558371128,0.7492463504578392,2.818485800494347,1.5458320688143192,1.0319442229425844
Sample_75,Normal,1.4957287641902168,1.4861491347602804,1.2901048637972667,1.3542321550880947,1.2305327750222594,1.49699249117475,0.5964841553109606,0.9023888932621624,1.1211846791475761,0.5593832330437831,0.6756115148214047,2.1972919260179538,1.4191185768962704,0.2762707481373071,1.0340920985551871,0.4849356936706716,0.49439092003803053,2.417811480137954,0.4553764107783607,0.4595173702093286,0.7318424698901164,0.4659652841521981,0.6978070723353281,1.6171278594889156,1.2385639044015986,1.0388674560008275,0.7365788220412856,0.4809136379073017,0.6558229137882037,0.5995045912175782
Sample_76,Extreme,0.8303821468969528,1.0567120909526158,0.7022507582223061,0.621076990982155,1.1265617748545798,1.420664591810748,2.2828443324500243,1.0150112147072266,1.5949840029512894,1.1588062819021827,0.9787289986472071,2.84505628181279,1.1124880986263364,1.5082906498596027,1.6012211173552926,0.9648988925276526,0.3984185417300959,0.8497342041892614,0.7064610486279315,0.8510812549375367,0.5516098742381107,1.428319875331728,1.6851645673968778,1.097614305872239,2.2476414413833967,0.7965314122024154,0.983815973232565,1.671507230805407,1.0953616663739936,2.4450690837907745
Sample_77,Altered,1.075651128351695,1.1530644057399237,0.9732408524848987,0.9569232844900922,1.6669688188884206,1.2815428386943342,1.0330792776218516,0.41817244688889194,0.35740451488453706,0.9108905614161762,1.500044753922205,0.8159187986247377,0.8018249448807224,0.8334523268121986,1.152710407570444,1.2116694780036512,1.7526821025840145,1.0512457837137856,0.6520564945494013,1.5411028984338067,1.1996261287363108,1.463202286146174,0.6685083325710437,1.1787098158606664,1.2112429775577458,1.343135572323271,0.7046785798746602,2.1726805458090532,2.155816122951967,1.046759895687854
Sample_78,Normal,0.7283584000974842,0.799085991536928,0.8087697942531931,1.7930948345590578,1.0546068365070347,1.839143592798962,1.127140389091428,0.8330432916673977,1.922514732298236,1.818292638478343,1.502672280892464,1.630261917078976,0.8770694819787741,2.371241205671037,1.4960363029487453,0.5869604317862136,1.7839172433272596,0.6487285507429292,1.1135564246461103,0.6642358186380497,1.3914919551488438,0.23022020991603728,1.3160264339566246,0.7047787621001923,0.643402943156716,0.7592930954683199,1.0796010338461193,1.179333816431268,1.0756789086220613,0.6953083062130032
Sample_79,Altered,0.43811457498252826,0.6415848846680375,1.5046955665194766,0.7531188317932964,1.7018253756692754,0.9212563045332198,1.4298837696477165,1.4149467190970613,0.8973363592611375,1.139301309981545,0.7946195271960225,0.7923787366389762,0.7034887378886676,0.9327090438760928,2.6167201715124238,1.9431511556824619,0.8731789809539854,2.2669054130876343,1.4932509399729936,1.3446717691308556,0.9460753045314214,0.7833481456433813,0.6966153744687142,0.8298488297328711,0.9490908839012125,1.8004402395685377,1.5477370895952418,0.8660423969157204,2.9648194938490926,2.223484575372322
Sample_80,Extreme,1.2322337613384748,1.6182109310982067,0.3954074832070241,1.3447283923590738,0.5742486787561095,1.7344671020824496,0.8274204961795,0.49361306004286815,2.014982142197481,1.0488074203545787,1.5023649088058688,0.7219047601176892,0.7166808971944686,1.1288761900690603,0.4523740790099042,1.1455763477130525,1.1892686012722036,0.9830572931235554,3.6171733854576402,1.1370035919637003,1.191267167814847,1.0465530830149647,0.9427990157451482,1.024607098440379,0.8171107020966976,1.3823626129266369,0.8386486320243051,2.2159212529813725,2.232020454932926,0.7670107396016175
Sample_81,Normal,1.1660634585271508,3.755470275085168,0.93008276911541,2.6909846043854393,0.33951284575755936,1.455683211190727,3.498049975936691,0.4660648441994039,0.6442070045401317,0.49459693788303655,2.191148470925139,0.5553477445300229,1.2723310394293414,1.3511764210065,2.532376750847186,2.9135421115139692,0.9238333533075677,1.3342974250856934,1.2176191642102472,0.9446326220862197,2.251816170077379,0.9819039316809118,1.9888846963645566,1.2837053039588109,0.7316453273756331,0.41591091967343385,1.2369196763254457,0.8253649190744198,1.0149778952196673,1.3341028206776062
Sample_82,Normal,1.7562762549805053,3.466012941458948,0.6087322931977506,1.4559503110377912,0.2711239014929675,1.615690673653639,1.48623358769473,2.8228988973735776,1.827694920159754,0.8387152968022433,1.430996819736832,1.3210648873615198,1.2140467809674529,1.7206128641048326,1.0464256095588793,0.9112602462619526,1.0224415677524137,0.6334935172135209,0.4424522606108528,3.1559922300507224,1.2244235483382597,1.1008697392933995,1.4200676707611701,2.029571080340921,3.35232987047639,2.8693734614968296,0.4636340110466382,0.5625997499987526,0.6681401008330408,0.9904226280892746
Sample_83,Altered,0.8050625690910747,1.5249528361080098,1.3307374315119096,0.3576167554981232,0.9348673768547748,0.6141132368300184,1.5465169198267554,0.7523429355268382,2.48128494015386,0.9663555203823448,0.9176150232855573,0.9655415977710102,1.9686018307803477,0.7405320093932376,1.2006920790154691,2.4403520410245023,0.7351898410282848,1.842014756377163,0.7805486335157525,1.720202454212531,1.4473201027917288,2.5195434643923442,0.44968491825063606,1.1277310388873507,0.9197829030107377,0.7987033802567676,1.1627923850618163,1.3239079797014122,1.4237092545338959,2.569732718751592
Sample_84,Extreme,1.367313119032685,1.5542882899819876,0.8491616592353458,1.4342944957737642,0.5735311040627648,3.185229013215941,1.3743928768583595,2.088691855336813,1.17203104533661,1.177186374702297,0.789238286583933,1.89277697124692,0.6075808558470951,2.477939720991585,0.7611117345326746,0.41177278961131053,1.082565591826146,1.6446220466529282,0.3826797474602577,0.9429640914293869,1.4397970925100314,0.7604808898398391,1.0707330120173522,1.5048606783918588,1.2681225478864673,0.5570598203589123,0.5779107231764695,0.8920905957442015,2.206308654756362,0.9924758680975972
Sample_85,Normal,1.819551550958122,0.7614262057403512,0.5872316500717382,0.9741491092069986,0.6396753916009444,0.8924504056760274,1.2322403353260227,1.55722952329272,0.662662865234189,0.5036814108517123,1.506788126729286,0.9518554204246815,1.4185865072062467,0.6267160378660491,0.5993979386910074,0.6996229748340153,1.0673286071398642,0.4820019593842848,1.361711460613689,1.7962197881945445,1.3114385927163363,1.381685456540497,0.39545399529515884,1.3219481672529163,0.5906219553312528,2.356310101762871,0.9570857172789713,1.3004339965759153,1.5826710319064277,1.884111757907091
Sample_86,Extreme,1.1686191647920199,1.7339420881458045,1.4828858411958752,1.6429397425249508,1.301127220464139,0.7451306599911146,1.5124834032775651,1.243399635589404,3.5362655293482645,1.744020322099065,0.5992689163258507,1.1782421608780387,1.4705501857464458,1.0008270681369182,1.429813451540388,0.4615169373953569,1.2102319968308872,0.8724948906235597,0.4545840638394368,0.7244479664817554,1.9678895896214172,1.5305509700282298,1.265088445406631,0.6730708187783929,3.1054297802348345,0.9402468773321302,1.0707107216531468,1.598037598030984,0.7927698651693983,0.35265983366895165
Sample_87,Normal,2.2973132795794187,1.2432494142700867,0.810807501001169,0.8353325233779475,2.6994577597925535,1.8900067454015415,0.8656091808854084,0.33278889711711424,1.0349859052588108,1.4799006686380147,1.5714520079782626,1.0142684547023186,1.0572239687362373,0.7493734993059608,0.8986147775226145,1.3061701919669868,1.663546232276486,0.8311904484933799,1.0651713242154532,1.0649563281889736,1.2465706076696026,1.5485331437580263,0.6333369739638397,1.3367855056274383,0.7966761387675021,0.556355156149729,1.8545338264148625,1.315377962973605,1.113789673167463,0.9758456395308055
Sample_88,Normal,0.8464241842756713,1.1374723331752887,0.8060515367092806,1.2053374252537103,0.8921376092303895,0.487456582768855,0.981196840238249,1.2966383881546744,1.1595374426136646,1.3847177888413211,0.793224191359163,1.2851004358543512,0.7788530258789375,0.6748669936606556,1.2098776399205946,1.0275076327330894,1.3052807872869188,0.7954558865805719,0.732520349787585,1.226590807734392,0.5841723967392118,1.3043427319462262,1.2147304852857632,0.2838722184287258,1.8927956230931497,0.8754446480395907,2.260541065920033,1.292487177196251,3.1923206122297763,0.6143186962107455
Sample_89,Extreme,0.5901900099637009,3.1666679546982133,1.4929151856773837,0.5224204323389041,1.4501697025785618,0.9921473836088659,1.3534467277690336,1.2372454845677918,0.6385738876256002,1.0578162403671285,0.7538425827155408,1.7497870367785815,0.5469663089496453,0.812682260643274,1.8860483195102709,1.1837700100037611,1.3060759399929485,0.9725171432358622,0.5653380898259011,1.7588001351820073,0.7337155373181482,2.229632193073765,1.2327387279111208,1.1432256659601425,0.8948284395692608,1.0784151259118884,0.7180752329568277,2.1982194103300876,1.997806928432976,0.7777399423094661
Sample_90,Extreme,1.4605296728863906,0.679855911214089,4.233633111808874,0.563709312922133,1.113121868921013,1.3383040314326753,1.4034492430754384,0.36793196793308597,0.8441259855235543,1.821258191381507,0.9517568560885264,1.9137414792489338,0.833416278694282,2.6160700469234666,1.3031685191929638,0.7905144430346503,1.3533772250238867,0.874203633687875,1.794913287703583,3.105975285420905,0.7890636348599753,1.2267360214461531,0.6738377563242084,3.6116507790998944,0.6304445597200097,0.7849569609313107,0.8476945966712183,1.8824254588798894,0.6206203134138497,1.4998639246054364
Sample_91,Extreme,0.927839053576375,2.4558872932959237,0.8152994485610704,0.5194310162213761,0.5549349784247629,1.5454406367802356,1.80297342496902,0.21961697333564892,1.025646822611518,1.3972720193314994,1.004723977314086,1.1937296025778577,2.784453751417339,0.7288252452774044,0.746791401924041,0.8239881014687117,0.8819686090997421,1.3244550082107587,0.8451144367854297,1.4663847837340074,1.173858508461864,0.4073117952378779,1.317459758615257,0.7327061921628,0.9018731840773504,0.7124342253462178,0.8096845638011035,0.8924422321257034,2.1991407044821174,2.292827339628825
Sample_92,Normal,0.5403186747905798,0.6649508812923655,1.294725449085215,0.8491738205191387,0.40649604788180127,0.6267271952861372,0.685176066590896,0.5239464469277813,1.65251903533924,1.0808764030858962,0.954323109911396,0.8966843925610503,0.8940109566781698,0.9143067857475715,0.8304193689122599,1.4615108065330307,0.6660299471822333,0.6051677089839972,1.3385807594564656,0.5759760193911998,0.929605591686991,0.64011631654757,1.916746719939686,0.5256450339502844,0.933325897934409,1.4495588344391477,1.2589717046244377,0.9482860461358792,2.4832453077439087,1.6136424011939088
Sample_93,Extreme,0.5593656845800197,1.897165022392595,0.6235062048145369,0.7604289860052745,1.041523394885214,0.7349953637821239,0.7096446499964578,1.2318077898946742,0.7891138672495441,0.7872153806262395,2.3769872486488293,0.4509320726522297,0.9079674266604976,2.115597976997665,1.5573233071783554,1.927245793668187,1.0019938676379905,0.7399709650495008,2.4425518449473556,1.1397129628568836,1.0651666958755224,0.7092924695089328,0.8582204905863468,0.662769404947294,0.6724967255739313,0.29885005906081663,1.0536739702438622,0.9314949351170283,0.6299040917547638,0.41461645910992484
Sample_94,Extreme,0.9521158672378871,0.5223161606807067,0.6511104402957499,1.0745927424195874,1.0443960598569728,2.40258961274304,0.990401608956661,0.6946071719554442,0.9214548812727751,4.709900876549167,1.3536035225835703,0.6042127480974693,1.3243844169085095,1.1595833029555225,0.7899939815735189,0.36038316763524725,1.1002356278811731,1.7378759983141445,0.709960502374834,0.7635626441337457,1.2685571135721014,0.46915807513418945,0.7559915880039632,0.6332340442191744,0.5419676288549339,1.3568809375673339,0.8261246167012493,1.1854722690116333,0.9692334615315954,0.7904715904812236
Sample_95,Altered,0.8846059307052694,0.45666686561672853,1.0848402492104143,1.2324234268799354,1.0090797737782176,0.44974587182910797,1.3184659802315533,0.5944151312854757,0.8969472232811241,1.1957094240369797,1.1328507645865604,0.5304608237510835,1.5051723813099207,0.8010301293713616,0.758879283491738,0.8670557784638018,0.7787570563952518,0.5914025722048764,1.6893854205899206,0.333848482051669,1.5841174919520116,0.6514911153993543,0.9833252921927773,1.4176637031195363,1.376503319308299,1.121513504052497,1.6922671460546428,0.827988915288387,1.5295445677140336,0.6095657472174756
Sample_96,Altered,1.2973308706731346,0.6321513509127461,0.6034002129951549,0.8719309828720753,0.6761412186160537,1.4721620675040723,1.1518847483255752,0.6969243196730007,0.48446566565431237,0.3815276027154075,0.9229377535727521,1.7974659070883041,0.2915691876496695,0.7941197902951325,0.727256093077528,1.8796743061805063,0.5010345217754454,2.046232025579984,0.41934783234654155,0.8837855051209424,1.5493719299098208,0.6273182852182019,1.2333315646211143,0.4078331850948462,0.31077536016024204,0.9542563422542247,1.0395619384852017,0.6613737462943792,0.6945171729422612,0.6197072039008445
Sample_97,Normal,0.49116692190669686,1.4034175467238637,1.2343865038950919,0.5969954387822262,0.877787675646978,1.4498210703872312,0.44417918444138477,1.135845397287658,0.8294555063646168,0.8232891361690793,1.1987168255092167,1.2530791617327715,1.3675083073052883,0.3544561976412482,0.7226855024034546,0.6569280493873073,0.7875172039084269,2.0600964475458596,1.2661375692996655,0.7337165966255014,0.436906089467297,0.9461979346054352,0.908856584728099,0.6043459105718615,1.7680181259413408,0.7326832920767876,2.9009886852704416,1.5531697001823632,2.505029305471023,1.0063128534830348
Sample_98,Altered,0.9542441054624368,1.2180726412706615,1.597091656660205,0.533980427868564,1.3018258564129477,1.8335672476935432,2.166145444805495,1.4778753781313054,0.609087512988802,0.9602868164280967,1.3619742882676193,0.7580894697320902,0.9476398393234767,0.6560253620194899,0.7200270153857818,2.6426493185573965,2.5382247212841578,1.8130354211325734,0.7724041753490447,0.5929796494416758,1.4779431309351583,0.9098505732126378,0.77475229668686,2.7887771089320985,1.0207420412187513,3.836562330127453,0.9076812397992552,0.6294838594648275,0.6350407936973393,0.6261391107697453
Sample_99,Normal,0.5821387885174573,0.8695059545730331,1.1029692386861696,0.4346606081940591,1.8413047413562,1.1052911868778463,1.4270468142230002,1.3482102585319966,0.7770701613536305,1.445410704153376,1.109669753290175,0.4985438724075764,1.142171943762598,1.441951051668743,0.5802390061878385,1.3182512206804635,0.5219614300483115,0.8989693867645233,0.7375388811501057,0.5463640804854807,2.1117164535728263,1.966960846274837,0.5641447727464116,0.6565579827506028,0.5389240404294078,3.9046195591199377,2.5790844235148747,2.086218032524828,1.1905245190430207,0.4940923780241527
Sample_100,Normal,0.7981437069564986,0.713553864157981,1.085894396334663,0.9345347200382642,0.6804216640297023,1.4381489111334727,0.3973977336506904,2.044609294141069,0.5970590293773524,1.0405098313025576,0.4988995913621774,0.7034332541338535,0.8101668980907186,1.1037044833667453,2.2636339228212212,2.007700824861307,0.8759935285857219,0.993495756538738,0.7062875692470374,0.7342111497358631,0.8898086920779051,3.2171475647319827,0.8445850213264355,1.265645320129761,1.5731330140804378,0.834423626564537,1.7939876749147066,0.46169151872759623,0.7776673874459187,1.2248536396540026
