Sample_ID,Condition,Protein_1,Protein_2,Protein_3,Protein_4,Protein_5,Protein_6,Protein_7,Protein_8,Protein_9,Protein_10,Protein_11,Protein_12,Protein_13,Protein_14,Protein_15,Protein_16,Protein_17,Protein_18,Protein_19,Protein_20,Protein_21,Protein_22,Protein_23,Protein_24,Protein_25,Protein_26,Protein_27,Protein_28,Protein_29,Protein_30,Protein_31,Protein_32,Protein_33,Protein_34,Protein_35,Protein_36,Protein_37,Protein_38,Protein_39,Protein_40
Sample_1,Suppressed,-2.550956067028266,-2.24028894891015,-2.3365847229376997,-0.14733203049053212,-2.149641876143449,-1.675464028425101,-2.0972514267025577,-4.1588185120929815,-1.1082148630051791,-1.3918495972222926,-2.1157056831538683,-2.416042835412879,-0.8685371295438937,-1.0354492523890984,-2.2808383555534166,-3.1380186911875265,-1.4667735226418708,-1.8110268791570172,-1.545565974280007,-0.6006455043890999,-2.298163779543633,-1.0144360873838238,-1.5684390671500053,-2.285680052693071,-1.2182835250801891,-2.6064678104850056,-2.159072204695348,-3.60503823924222,-2.998508332097847,-2.242273918680387,-2.7593279263036847,-0.6700527283111228,-1.2334553967573514,-1.8178749739220073,-1.5247461865700904,-1.4033887622685126,-2.546805048235365,-0.9862708511166192,-2.57131950489724,-1.334673719017862
Sample_2,Active,-2.0738769240746837,-2.15978760629072,-2.8088460629072225,-0.8153164570933973,-0.5073287621934672,-2.2391962300686457,-2.223900830061698,-3.0567363343067226,-1.4336577512019852,-1.872067249504152,-2.616092217199306,-2.497056106491418,-2.068435263556753,-1.9564991723361225,-2.3734502485601086,-0.6234714665129404,-1.4089829384369494,-2.000512676843463,-1.974906622526596,-3.025760014606205,-2.1461560869459824,-2.72640765553568,-1.045596773074437,-3.101524432404049,-2.4612280327954115,-1.262319525302483,-2.323766682220475,-2.081140982208084,-0.9849259912002155,-2.9691558018665156,-1.4285799970809012,-2.4204781348740925,-2.983502151801111,-2.6321282698302433,-1.592461908468306,-1.5635858462884022,-2.423149988460529,-2.3600014397588596,-2.6866543984926707,-2.714132945337643
Sample_3,Active,-2.247163972817937,-2.2093389595035133,-2.150544248685034,-3.3264785439544458,-2.468247703227357,-1.3264671499288947,-2.223788761743906,-2.5621905401745817,-3.955443482757057,-1.6083148753766292,-2.440341858809145,-2.1438804596140684,-1.1164289588477851,-2.0639484742125167,-2.316025621954006,-1.6070917688983777,-1.3939933982465669,-2.115505071816891,-1.7485008498407293,-1.1795621564028056,-0.30974423792942596,-1.7682694108567076,-2.434730706807256,-2.236413696291016,-0.7825013004518266,-2.824422014355715,-3.451085962256536,-0.9874325288740262,-3.000070673701332,-1.6514566862158349,-2.0080242655908034,-1.8124873218278248,-0.6459794385724877,-4.143847446066827,-1.5570591812418704,-2.15553867096759,-2.369833332152023,-2.0863777610604557,-1.8161585388684773,-1.6341620145930877
Sample_4,Suppressed,-2.346717842238485,-2.1097858874504882,-0.9117237477654883,-2.754781278004418,-1.3457102373559615,-3.588178512816336,-1.76391497866629,-2.3355051382753116,-1.9764236826002741,-2.1946248420536216,-2.413865521426242,-1.816583587952072,-2.6773619407116285,-1.6371893343920414,-3.051851995106502,-2.552345346551129,-2.8570599453798406,-2.732176360231759,-1.6825781312175374,-2.8724449037101136,-0.8370419673542873,-0.5087235789928068,-2.5074323455901357,-1.9960454625246777,-1.6498059319714957,-2.7727114951360363,-0.9312076150859339,-2.6844713428201823,-0.6426426102910208,-2.444500019104379,-2.2263211738102275,-1.6767150101481616,-2.0036492503592402,-2.2958178144666768,-0.9885584067010893,-2.022578409858058,-2.333156164064889,-0.8048235088579061,-2.5560288394241355,-1.6689473060012012
Sample_5,Active,-3.2393827373240835,-1.1183474504347903,-1.5609049137355477,-3.5863018432585663,-1.2385319210388064,-2.33286243538915,-2.100381435781969,-0.8108060058288418,-2.313529122662529,-1.08537636093132,-1.207283813805007,-1.0621073422292269,-1.5765124885799762,-1.347410603379343,-1.3325897623553327,-2.181238098346687,-3.0529535847917018,-2.7939132319374367,-1.011892099803445,-0.8782017216616711,-2.351919610957988,-2.1613883691501896,-3.1762203579688713,-1.611503307364913,-1.3035419478351171,-2.232779884253979,-2.420034171138305,-1.4301204913453183,-2.432458464604048,-1.2093415597118256,-0.817835697518045,-2.535653267208009,-2.4364632130143167,-2.7527134964766664,-0.9075837983019541,-2.9307912260784166,-1.338780232385833,-2.484917297452123,-1.6636353513244253,-2.693627013408839
Sample_6,Active,-1.9286328695117552,-0.7414583966681385,-2.4835364508260387,-1.7431065938932835,-1.2086757259940621,-0.6806007690945182,-2.0293943704854387,-1.2693483159306311,-2.5960913760415725,-3.355881541277552,-0.93859866477947,-1.3272915667570357,-2.321005118515737,-2.1466092232986664,-1.3367533533440588,-1.7158833681418728,-2.918043012345723,-1.93754117552321,-2.020792204795938,-1.5717614912775142,-2.599834509522215,-1.6228799821169688,-2.092000408511306,-1.4080361020145618,-2.0657808520479928,-1.158085435637147,-2.50458597008608,-2.0850455736067652,-0.6878227662124476,-0.9103738069182827,-1.0105144225115124,-1.7054708666934575,-1.9140602711649983,-2.0541301408055155,-1.505409592374522,-2.412185378024052,-1.366222794075057,-2.361259765472343,-0.5487735480665832,-0.7246063466560291
Sample_7,Suppressed,-1.5465136017873,-1.4645652398477913,-2.365174339431368,-0.9720766716363438,-2.7396942113503435,-0.20539858633960195,-3.1389864813473447,-1.3786579818822333,-1.4471905674557215,-2.1578526487718572,-1.4120591517654606,-1.9368701286453016,-2.1634539593677347,-1.0161830344669691,-2.623629160891177,-2.073317117893499,-2.5069523881558355,-0.8615549108741003,-2.0697999828443057,-2.453029773307988,-1.4599170638320929,-1.75145022487236,-2.172113499947949,-2.6074467357011577,-2.770649750903217,-1.8652849526535418,0.5247421642381997,-1.4254963179224043,-3.0660873138066878,-3.5266058573818233,-2.6269335000441787,-1.754721132645527,-2.3636430140324305,-2.775396618590344,-3.264803486199126,-2.413276178016672,-1.0458710178086381,-2.1096722614560366,-2.284720267871599,-3.0832544884605975
Sample_8,Baseline,-1.6886321041340713,-0.666658830528023,-2.1963740552420132,-1.6241662250310793,-2.151653534046129,-3.101988577560644,-2.6266872296406696,-1.9012147811496072,-1.6010129179976536,-1.780317315847128,-2.35497629139445,-0.6830653888111256,-0.6783535851524767,-1.900661033735012,-1.1274152028129736,-1.402475699086848,-2.7255479056487406,-3.3769315297131377,-1.0301147606902026,-1.7116494334236432,-0.8555003019774969,-3.0392779203918474,-2.543434184517425,-0.8964923410414496,-2.7170428753126017,-0.994440978704952,-2.278798275510885,-1.7548155500628264,-2.3595983709437363,-2.2817513531805975,-1.7023763184326532,-2.739127139498019,-4.028451875783884,-1.270772094778977,-1.894647739925103,-2.551764541462654,-1.549768094736439,-1.1416588905354494,-2.4785525798188783,-1.4649317996730367
Sample_9,Active,-1.486906752524488,-2.380167821702322,-1.9282471148777256,-3.0157223327008613,-1.9382466071513291,-1.6115262948972466,-1.2397194997445116,-2.483552703102391,-2.221757874264494,-2.5191077971436915,-0.6585125594377763,-2.5875506167050712,-2.9681245618789935,-1.837247888612363,-2.2082885881418464,-2.0894658718784185,-1.9481087998663529,-0.1724634466454984,-2.587905979078549,-2.067691740705848,-2.3072075936393555,-1.4311433188266967,-2.1638683149097195,-1.6711021306945206,-1.818235090848126,-3.0661235851160877,-0.13794949730666772,-2.0512148825913994,-1.913134013913623,-0.9756868358315363,-1.4764869366770392,-1.843791161006715,-1.4163971505619926,-0.2604063461346686,-2.5937578560271355,-0.9837539823329262,-1.508684109312532,-0.949639624897658,-2.4672645648145317,-2.1356820808168444
Sample_10,Baseline,-1.7870457406184481,-1.791265063588029,-1.2114337462887534,-3.1960376793940988,-1.7353013833660966,-1.9283343029497204,-3.704542595314411,-1.3558418910463996,-2.9118198842467082,-2.283602729463745,-1.8496030178921992,-2.6913242272442144,-1.020177706453579,-3.4638615533904695,-2.8481611697968927,-1.6163978989893462,-2.9756488573838062,-0.9676475524136268,-2.5095836523896784,-1.686202318275114,-3.1443503673730016,-2.109401958638191,-2.7172209928964612,-1.8407390079840615,-1.7556464951827375,-3.118029220598729,-1.8709933237670546,-0.6527744220121099,-1.5933529651938472,-2.5511144724225376,-1.8353277323068462,-2.704045894350304,-2.2311244762118516,-1.5045889583448078,-1.7305582525994991,-2.0834335207433887,-2.179296056419719,-2.4812865658928835,-2.0689188887465706,-2.1197308788372133
Sample_11,Suppressed,-2.089036691369135,-1.7510675676744287,-1.0824298830895365,-3.5231623272116463,-2.1210785825053216,-2.0173846940346336,-1.7174577202765295,-1.1674419779698797,-1.8526674041335718,-2.3345748385088263,-2.6518290522497185,-1.8689206174984796,-0.991790199654293,-3.572065937231145,-2.1489495983263023,-1.6658664380132047,-1.9211169604569938,-2.6911354105918104,-2.029833595664943,-2.618010482748052,-4.179274714937369,-1.2186287078872717,-3.0924625376761963,-0.7554305829272567,-1.0719521044895342,-1.8737683137974117,-0.7748982810420812,-2.5124226308809696,-1.8757007520864755,-2.632265367352257,-2.9067105819069194,-2.7853491684145215,-3.102239833992982,-2.2152405015693195,-1.4612429276267715,-1.7894679327948566,-1.7591850209823598,-1.008377283629156,-2.2435688532178544,-0.27901806022661413
Sample_12,Active,-2.5315972325592484,-1.0348829083561024,-2.4691608438885897,-1.5010825407177495,-3.0093640959818693,-3.759073241629654,-2.36532795471612,-2.488541641460589,-1.520419336862952,-0.9741125820199581,-1.3288604595747942,-1.2341185197548237,-3.633953157244874,-0.7733871641710532,-2.3993849894095822,-2.3292217056765248,-0.24521371682414905,-0.8074002880272317,-1.9920544092385808,-2.1189729003964715,-2.3353590380351266,-2.44933480482955,-2.340910289002508,-2.656411482461512,-1.5861434821762377,-3.422519461196163,-0.82315850653141,-1.745342884317178,-2.2070492389459586,-1.0484237938649095,-1.98121030119461,-1.532022677936208,-0.6585672301569556,-1.0805798084290532,-2.83864868020264,-1.5545765072110744,-2.7086810020927845,-1.026970298504297,-1.5853931274966624,-2.1428137884435627
Sample_13,Active,-0.6836564193643546,-2.194604766769056,-1.9535729209807287,-1.9960471383783247,-1.4910935860638346,-0.9126291274666709,-1.3435113328171184,-0.7685219783313475,-1.8867184693132812,-0.8231487359844101,-2.8903813960954623,-1.2014158405828994,-1.219162990101417,-1.6511418875823098,-1.9348457501353287,-1.8577879402349795,-1.3223490611054218,-1.9321310493340553,-2.6831680021266884,-1.191711576458125,-3.5426139231523814,-1.1128185031211593,-2.1792149612988663,-2.046436367316439,-2.7116621561299508,-1.2554310523545507,-2.7858805346693396,-3.1319235551178353,-2.2690689242797037,-1.291840393322342,-2.1503079095494293,-3.291753098470818,-2.3645624878658427,-2.7460379292367514,-1.6206593919500245,-1.1739482129737124,-2.0487839463966204,-2.197124512677042,-0.45947064876219823,-2.132371934215281
Sample_14,Suppressed,-0.8521702324867719,-0.6962770482957001,-1.330347482772794,-1.2362937759745876,-0.35350005467586554,-2.276866000056543,-3.2661492104467413,-2.0522233049344165,-2.0438065658913445,-1.5584182461940612,-0.705809373955395,-2.142888220821942,-2.8871126967060587,-1.2462931710318892,-0.7467147435455448,-3.5938245393986303,-1.9491763203948378,-2.367581718949082,-1.3088278186541535,-2.186825318686884,-1.9736537441162219,-0.9308353041925204,-2.024233760386688,-1.610047186370842,-2.399312186776763,-2.2677329464555576,-1.3012045624124262,-2.327819749053565,-2.270685226483352,-2.042314191832861,-2.209556260230876,-2.614396019783568,-2.5322444450616337,-3.7523866589630765,-1.6676281896045697,-2.2703921063742785,-1.585627382928846,-1.792435586652533,-1.4220953209625766,-1.2658473436591118
Sample_15,Baseline,-1.4406707590473093,-2.663314536029022,-0.8985727753135313,-1.462394120401299,-1.5699970552620364,-3.2797012910632755,-1.386993987004473,-1.7223271356469625,-2.193246729697715,-1.956611639080824,-0.64891651926471,-2.9480417093595612,-2.1869195219448248,-3.004630312245129,-2.221855118456501,-2.4299756465218296,-1.250905527036399,-0.895672656822996,-0.9632792833691408,-3.650387996674557,-1.157306881744315,-2.5426580767124785,-1.712118009873891,-1.846480289651244,-2.298969375838414,-3.332929706532852,-3.2798198959887275,-2.5574643178477996,-0.9870666369338466,-2.5577155442405237,-2.378031402470957,-1.548856993683155,-0.8729147557125017,-1.6876872598354937,-1.7813624236785766,-2.436185803015202,-1.6591050322440506,-2.1999627085899496,-1.35576000900832,-1.0342554972306635
Sample_16,Suppressed,-1.539536537352324,-2.1066988308004237,-2.64719518344247,-2.376326426867504,-2.0767174069229513,-2.013700427079844,-2.2854222954490715,-2.1284778025099524,-3.036600488821442,-1.5730439062158958,-2.3960634473913425,-2.4247061046187683,-2.7268399198339814,-2.0273112833249294,-0.8958370750659634,-2.506576579595717,-2.5010472427632924,-1.7671860768334562,-1.3402194063562658,-2.8754545793617012,-1.4606815099913906,-1.5365785331915411,-3.1840455167289305,-1.3925723492887314,-2.122940035851024,-0.9443161609802386,-1.2938573909282045,-2.9170450022203207,-2.2416399171014945,-3.415245360814551,-1.3716057115380693,-2.6118992377008756,-1.1263355211113883,-1.381015782572403,-3.4784860684338863,-2.076537421418548,-1.6018660409288932,-2.034589597449368,-1.7993771736447297,-1.459124077227742
Sample_17,Active,-1.7212949627153058,-2.2209985226647437,-1.9665162657454742,-2.5189417471571653,-1.9390485455642112,-2.0533029543734687,-1.9187603939091449,-2.543408046831587,-2.1262433359746518,-1.7922664121832401,-1.1847578614285728,-2.459574898147108,-2.319281361598775,-0.9722484538765916,-1.4653707326714174,-0.9690823874802441,-0.722013877774383,-1.7217889293071367,-2.9882962494346206,-2.181741412705036,-2.8045520188840953,-1.6866919727820944,-2.72927391880832,-2.874295438302503,-2.5816552127824592,-1.7463635573585683,-1.9698363319293417,-1.1930886270878314,-2.3706447622273004,-3.330848762722656,-2.721168347252989,-2.6320290818328758,-1.8590949387014077,-2.132601014828362,-2.3990706705499854,-1.6492931847694867,-2.915306947447765,-3.1223052300874246,-1.223922959599151,-2.449274956257569
Sample_18,Baseline,-2.8904982310301217,-2.3183339545295696,-2.0375082645359424,-2.509966258883685,-1.4770334194093073,-1.88645398919905,-1.4594744314011723,-1.5443046407911778,-2.2811786587251657,-2.2481752566082394,-2.0651301869841103,-1.0808041736625316,-1.7789925979191785,-2.235299223543082,-1.805900131653312,-0.8721626044861541,-2.4445550292173976,-1.5351872615384707,-2.5007648822861284,-1.816735767182208,-2.0973093189663223,-2.717727798095545,-0.39836158099285246,-1.5495984123510353,-2.786746849484542,-1.5493131328728431,-3.569936042137618,-1.3973906876542512,-2.8415705844081764,-2.9700295367573366,-1.6227630337520111,-2.6505368794702404,-2.3134069782652498,-1.3679236713631764,-1.153448158923339,-2.249307929717674,-3.5237753113362196,-2.0568627410600437,0.6342993988423204,-2.1852411836756644
Sample_19,Active,-2.276911839051845,-2.237496593166988,-1.9477792116267676,-2.290679152521973,-1.9302743794684076,-1.6415076690128336,-2.3954932186414446,-1.4701983730825958,-2.414460005131267,-2.1105745850659217,-3.4877721428355373,-1.9630301160924732,-2.2291564012481597,-0.8724361196190069,-1.3835753929976662,-3.0695259598070317,-2.26434829607555,-2.9974499550059934,-3.018100844682924,-3.2742850579172136,-0.9258089735235497,-0.9646571441175207,-2.1721938107782277,-2.199157941243907,-2.6692338221678376,-1.9265150879326907,-2.0960489125242376,-2.335075806197469,-0.8098859420337541,-1.3113730355066053,-1.0409895940920544,-2.116370423810946,-2.1989598622824285,-1.9024801513850376,-2.5297358217693113,-1.5932474388622415,-1.986819564219623,-1.8513189014996219,-1.5619079378455596,-1.8606607127784134
Sample_20,Baseline,-2.781050408721285,-3.707483409669698,-2.803340690351499,-1.613618796234857,-1.0838687373023201,-1.2119294295779646,-0.8968457008114443,-2.7374115363762055,-2.1352767548930602,-3.270364629240413,-2.143601545539556,-2.029417686894851,-1.6643325722236164,-2.5998059310086923,-0.7824695844986524,-2.236418209216808,-2.5718689245440656,-1.3128828910096426,-1.279021885329314,-2.63476964163871,-1.8145850199648708,-2.516704074218192,-2.7472927508684353,-2.2138309657807396,-1.1812132114066265,-2.285351567430829,-1.6072420518335542,-1.3358486499327906,-2.340194703532691,-2.6790643038640662,-2.1740675491168724,-1.7930138187515394,-3.3336781402174203,-1.2118480676169312,-2.7240256305049027,-0.1612759813540332,-2.1314694611630842,-3.232275041274936,-1.0588135135965817,-1.814020941395232
Sample_21,Active,-0.3090897134204411,-1.6729125870417871,-1.3455150434075434,-1.7272519418674401,-1.4814266807993373,-1.1610506119405155,-1.7620415713242759,-1.8179155162514622,-0.7148130695112542,-2.099071536815467,-2.2065161845503654,-2.396541037741513,-3.1656655427236173,-1.9922849739727377,-2.397625330815541,-2.4106191092969214,-1.4175293725747071,-1.713435793566574,-3.1156356931639997,-2.0428798013411766,-2.4457428964816956,-1.354102027615701,-2.3380858930923587,-0.3991552015969726,-3.3297604379925074,-1.3941245240661875,-2.812951738837916,-2.914802157036942,-1.4919547388345629,-2.057402035219491,-2.07278844959544,-1.6316335288023096,-1.9544645820489552,-2.111869052516079,-1.8636666233530133,-2.0276351382164215,-1.5138696977689623,-0.7570706507793865,-2.099508214214192,-1.719704891695946
Sample_22,Suppressed,-1.7242582329106935,-2.656705958522082,-2.237643217632068,-1.2102525851749206,-2.893250702970513,-1.6881502142359808,-3.144804662901321,-2.2582417548434934,-1.6958166781287538,-1.390331476489794,-1.6537402238935444,-1.8030478228786238,-1.7598465836065489,-3.5103552566257648,-3.280954523073741,-2.1652350805271925,-0.860045856322766,-2.881533437441871,-1.713668768731188,-2.567573756512103,-2.3497037286476306,-1.9373406062468328,-1.4834458005031244,-2.987698322802589,-1.6581582124248575,-1.84967724890399,-1.497037024715684,-2.135727913701085,-0.8176438668080936,-1.902142586684057,-3.4283344370899416,-1.5800610994981976,-2.648296453508773,-2.76682186611524,-1.7619480240896617,-1.9045685251056828,-1.6483719666120873,-0.9729743969114293,-1.4287204354668308,-0.7687338035860352
Sample_23,Active,-0.6928738590401482,-2.623143400537722,-2.6395058193398104,-2.228221457021355,-3.109799286619708,-1.1323637956347459,-4.097526184081136,-2.1839784750298636,-2.517393276206091,-1.293073776359251,-3.230183904945328,-1.4607550592368175,-1.6734652003935966,-1.401785771131366,-1.1671534284661191,-2.4220057815205354,-1.6331555163092262,-1.350101908340371,-2.310170096659108,-1.526358429516963,-0.7885780436694181,-2.0663888726376376,-1.73755384149624,-2.4230645082093716,-3.028832007672281,-1.970908787567479,-2.980091305999218,-2.566052235040016,-1.0915401824769344,-2.39239954232779,-1.3451008045284447,-2.0810416059687404,-1.1621004796448633,-2.708096854406734,-0.14711741290845115,-1.2150004678494002,-1.2528922512334937,-1.8220848830703678,-3.909186304066817,-2.605981678918709
Sample_24,Suppressed,-0.5090233850401038,-2.860397942620481,-1.380845210134318,-2.387818450057938,-1.8495364025004744,-2.500689601918025,-1.0371555645919535,-1.9810737739214361,-2.6252208466694427,-1.5396473646869333,-2.701178968875052,-2.3958364147743105,-1.1201990585675405,-4.31616682187836,-1.2506536033493445,-1.540814453557259,-1.3509734380217293,-1.9468144374015288,-2.2115758701268557,-0.6729003286519166,-1.9615557493300024,-4.024207809563229,-2.3536325265606584,-2.5374208896531103,-1.2680863161729574,-2.2132564699060633,-1.6840938674811556,-0.5935600037101303,-4.088433178795112,-2.8475833553118672,-2.513565170112967,-2.956381826273045,-2.076957749602092,-1.0399287764244742,-2.739447026982263,-3.3152597155346593,-0.7045137644903015,-1.4427009755755775,-2.0596197384052886,-2.656471209351732
Sample_25,Baseline,-1.3234504955419772,-3.391378995937714,-1.1807487340925023,-2.5365762356782016,-2.4997289456549545,-0.4725693148190562,-1.1399142508414268,-2.183387699385909,-3.5001441707546914,-0.1970527286978685,-1.8308956851126026,-1.6575295769662146,-1.674690539857889,-1.9412111669191174,-2.4800315128768307,-2.4805131865628396,-2.0665545705891333,-1.4386365146250437,-3.2740135629688245,-2.371564940594235,-0.8600349661121625,-1.533832355820941,-1.9514334178442785,0.0775774479025757,-2.454087659016414,-2.400837491619,-1.697605671474349,-1.1112488601105694,-2.171580440923879,-2.7098287485434884,-2.3272024486292993,-1.118970586917059,-3.9049256030258004,-2.6846057603455775,-2.0055018883939666,-0.3775910461059879,-0.34245310753696545,-1.8353985165789772,-2.6312493811885895,-1.840854818922911
Sample_26,Suppressed,-3.19844254283331,-2.337088775331712,-1.922330773712779,-2.8954212774541244,-1.166612974352818,-1.2269862859691574,-0.3871296831478852,-2.301943969651239,-2.630454492012142,-1.046593448857441,-3.3784396974817494,-1.7663236762894874,-2.181324208696191,-3.262338771109365,-2.7151624680084607,-2.3486528359118846,-2.7929403590423147,0.45844012313062166,-2.4756813278183785,-2.0874187657001673,-2.468658720070765,-1.4059575234653425,-2.0116805826936117,-1.2231361990643381,-2.094720071834534,-3.225845599393242,-3.631878432194958,-2.421750023163117,-1.5396809103164228,-2.4237648151544384,-3.0241734002090364,-2.7767930984175866,-2.887904366262839,-0.9000924377068298,-0.7810807280962537,-1.8857472364892636,-3.1454696885166085,-1.5941023315823515,-1.7055600049335031,-2.591096759467026
Sample_27,Baseline,-2.9787588176026363,-1.285796202389299,-1.9196812116891058,-1.7555506463918333,-2.2988892797858633,-2.6058969420051015,0.5106843630926066,-1.7597102715186808,-1.4729438449685106,-2.744311346373731,-0.7789382360354538,-2.2130423464642415,-2.0762597347401286,-1.958260972628412,-3.0943992529831617,-1.8387807941702,-0.9209705158755004,-0.7655017678283274,-3.389411070069346,-1.9178875785427894,-2.8707853836842787,-2.2350784023002492,-0.9725387511478933,-2.6382823359419123,-1.9416898361204697,-2.1454981147811663,-2.46032538970922,-1.9492553040645604,-3.0596532794209406,-2.876879959021564,-3.2925260984316638,-1.8460103445386709,-2.6591922289551655,-0.2623412034390711,-0.8176078039250323,-2.4038283532727394,-1.9908890161635537,-1.4196623902204313,-2.031968252340303,-2.5420127556241328
Sample_28,Suppressed,-1.4630642609361426,-2.145974080854769,-1.6678029073046998,-2.0844620582336235,-1.154104211728632,-2.6850583375800032,-3.2175681061815316,-2.255964780508085,-0.8907167805131495,-2.0005390539944563,-1.6569442233924874,-2.345311691892161,-2.8392552034190817,-2.944313466098983,-2.19993547148401,-1.9250667184176233,-1.6256451815286816,-1.9760709754410448,-2.201006910548329,-1.0617159839466843,-2.169838484155742,-3.1399382519636263,-1.4333548368185771,-2.7262646071225114,-2.5851219928461293,-1.7839557617949668,-1.3114837920001914,-3.0089726780605663,-2.550902769962901,-0.9014181242405539,-1.6086322494283676,-2.681978578002506,-1.8959379453445369,-1.9450765373901975,-2.9851886465565913,-2.005341380423183,-2.5969752975178353,-3.2033427569450748,-2.2363003307674845,-1.2149380833728647
Sample_29,Suppressed,-3.152983488500861,-2.3921192383724392,-1.0806040670301735,-2.6722499076578203,-1.9076821109289779,-3.3442627366290045,-1.9460014477028398,-1.739719436975086,-3.3608070733353057,-1.6644961002188732,-2.3315762987812008,-0.6802232637595598,-2.4695675120768277,-1.7666746397250936,-2.806766739275835,-2.278524481524817,-2.1781931538650965,-3.0937952700836786,-1.0500136895278742,-1.696793165962457,-1.7248573586876272,-2.4774565476276207,-2.0546134002472503,-2.7706742361229857,-2.0934710717988794,-2.8685750040666442,-1.9190287577375813,-2.2190288838100516,-1.8997613126318602,-2.0295943667211853,-0.5002379531031143,-2.1005232279623947,-3.6922951340549806,-1.0987977779554967,-2.7768745664231798,-1.4219007421572014,-2.1733265182883788,-2.140399201047798,-1.2430444289556652,-2.681766159185039
Sample_30,Active,-2.250731792863669,-2.105870085617278,-1.5035578761101913,-2.431287334298546,-1.9432714480441515,-2.054345603790525,-0.19829646775775833,-2.3972734279011543,-2.8572043484451997,-0.6990135420101002,-1.8340835765005714,-2.034162409245663,-2.046057823771366,-2.084698164848584,-1.6494578130405178,-1.412159819575712,-1.508020069638003,-1.639309746287942,-2.488567173795145,-2.148718107061297,-2.7504514660987494,-2.445111209875637,-3.0802053831925678,-1.917923783320984,-1.8589786623632083,-3.0149678813136562,-1.0664447531398313,-3.2032191576386038,-3.2540257922992972,-2.9450823653606366,-2.2988382204145053,-1.5032183772456909,-1.6740651979714098,-0.9807762239020839,-2.1776030687635886,-1.2163851401442443,-1.578570146373627,-2.3207607652273428,-1.3199515521860021,-2.122037482252565
Sample_31,Baseline,-2.4984078324738292,-2.125922698173453,-2.448879007748218,-3.3260269943781284,-0.7956094146683081,-1.5977402325774341,-2.7211118857820833,-2.2085033126474687,-2.0201554949320997,0.0486608468658134,-2.7643034089680825,-2.1029404872816277,-1.9113531388695928,-2.8947017596033566,-2.2789321944989354,-1.2417976273074642,-0.7526702124645599,-1.7920903953797458,-0.49928903389283263,-0.7238003180730235,-1.9448742121489502,-2.3941105315983493,-2.1620873079786063,-1.9434336549306226,-2.207904923987082,-2.152589501744395,-1.0092369558866203,-1.5185644624258599,-2.2021319777957595,-2.1237980265826306,-2.238623385855136,-1.9079509047465346,-2.2268960335432744,-2.811802988566214,-2.4555470090479723,-2.562131559596053,-2.336429524998267,-1.5814309672698719,-2.6622264232853388,-2.479213907644821
Sample_32,Baseline,-1.6257388359817462,-0.7803926565862795,-1.3103190695696645,-0.971975825804487,-2.5370324039447745,-2.5990720234804305,-2.136288341083923,-1.4506096065122966,-2.3379756804033414,-1.9348524419577224,-1.8734032600966464,-3.052190539586018,-1.6758064339919956,-2.385921077089317,-2.227025273685128,-2.259196056214032,-3.0138089429075388,-2.17679606416258,-3.221364930515454,-2.7058969440968847,-2.9383038316059804,-1.9228134479238137,-1.9026856527484768,-2.489315592409941,-2.167875732610181,-2.388735912948911,-1.1244557564602855,-0.9946265612908931,-1.1762142757249143,-1.2674486594772332,-3.470247673537752,-1.4801853336728887,-1.0413279580639994,-1.8838885132266623,-2.465767485555815,-1.8229084611905284,-2.884376283944698,-3.4417740054222676,-1.4104124212077465,-2.7980803184490757
Sample_33,Suppressed,-2.458222487800133,-1.7045865085431595,-1.5412314009273715,-2.4343483092916367,-1.9657741542790048,-2.4694601248064507,-0.43459706472582127,-1.2966474171251894,-2.3798069956517756,-0.6938635063571292,-0.3912737118061256,-2.9949406232301703,-2.1626402361400445,-1.120409633361422,-3.1033048509297787,-2.2819523823988335,-1.4155005899772366,-1.746816399663352,-2.7796334384309653,-0.4948373745901167,-2.8860666823097394,-2.12707904806932,-1.7155810365572977,-2.0754889424382585,-2.8926314916569744,-0.8019829943917975,-1.2386133156271188,-1.5067730813016578,-2.810341759054607,-2.1556666896433914,-1.498360227035258,-2.529461679743319,-0.5907356569674247,-1.3277089625499319,-2.443393922701389,-2.058064180737824,-0.8380320904314233,-1.9186751692561206,-2.2561517940983133,-1.0988791776749844
Sample_34,Suppressed,-1.1679125819390392,-2.785617665389554,-1.6546477633835681,-2.8077528232486646,-1.984509234610192,-2.4253991003476942,-2.670557229776678,-2.0518143949898895,-1.6161648393719505,-1.407802701923818,-1.95546710271998,-1.3028447171709399,-2.156792605455388,-2.088430064280433,-1.6993243691792068,-3.5548294055262772,-1.7903065534762685,-1.8703632798292273,-2.583011365036204,-1.9046053810544326,-2.4045338325849177,-1.331193197987542,-1.9351423872030187,-0.5033084306797964,-3.8263802382283947,-1.9501296453345838,-2.243639151101411,-2.4559215119110673,-0.6033506114913696,-2.518377114223285,-1.918542471844111,-3.0987134061036636,-2.5181535744595713,-2.146644817137409,-1.3142987403732382,-3.910294754584355,-2.2245769182406954,-1.9483633238266933,-3.062939804231374,-1.352630586448004
Sample_35,Baseline,-1.0737699508746588,-0.868529643118813,-2.902460337117205,-2.492407413485484,-2.0048975197308603,-2.819187312257694,-0.5914346385813483,-2.365973035558983,-2.422888642514489,-1.1816423132548413,-2.0194441807931027,-1.2008456129245477,-1.2211205468332862,-1.7126072077894428,-1.4863256729906984,-1.8929711883160236,-1.424749975057281,-1.2698983817250926,-2.7323437485594795,-1.334632579226762,-2.4587805281322836,-3.436229058567388,-1.0381688814850756,-1.1230523686209624,-1.0634059111704022,-2.725166681903632,-1.3596936400963369,0.5195214849427274,-1.604548947459066,-1.3218622908908584,-0.640241638766103,-2.322503853484258,-1.7483203229480044,-2.3377569335546124,-2.7782802990408872,-0.9338608369675137,-1.3835241340652373,-1.7223046083098315,-2.0502644775455114,-2.885017136686573
Sample_36,Suppressed,-2.1383157315849592,-1.7119783403513424,-2.89582797992905,-1.8633084302875726,-1.0690390829670517,-2.0208941540270775,-1.2796410665675166,-2.5758550902564026,-1.681460464009664,-0.5115985189686383,-2.9136538326526855,-1.7306280174393005,-2.4038848029923825,-2.4176521972493923,-3.205938543234559,-1.5749270618621556,-1.7391848269303853,-0.7982705742166369,-1.7921681425899567,-2.7297123695273937,-2.5858514788354814,-1.0383640243335743,-1.8842625404875564,-1.5789188486642378,-4.212043475041112,-2.49761803693761,-1.4159962888509072,-1.4595953023931982,-0.6952262043965285,-1.8153091996251278,-1.7811265364151976,-2.3679787129906256,-2.168321974328898,-1.4402810801042292,-2.2230036025768767,-1.980098673708991,-3.256482212692694,-2.33336738297668,-2.632523142504332,-1.9940226127583813
Sample_37,Suppressed,-3.2185152313874728,-3.0071989390517224,-2.9506710929656688,-1.4048239098676678,-0.8252998967002785,-2.1593967283915347,-1.4493067216736335,-3.064227245913586,-0.3603828409738843,-3.0268984220284945,-2.379219101929078,-1.5604307408284557,-2.5881015555663875,-3.5769649782757966,-2.2959357217642067,-2.1615461898678756,-1.7855543799982745,-2.5973700873188452,-1.7098202272589207,-2.5633790297891146,-1.877415738586031,-2.541835598584191,-3.079958521430246,-2.496401356974816,-2.5023678003016494,-2.2373616502241243,-1.7951265406801116,-3.7607927941053654,0.1528748551889776,-2.2015456421940476,-0.3708449311054671,-0.42748480916627773,-2.3225502653876076,-4.0130309029545215,-1.4436949608690992,-2.9099492153684836,-2.206881558507325,-1.5455026542660506,-1.353161018322106,-1.970534700076845
Sample_38,Active,-1.8976172540273646,-1.3086306997793486,-3.045998476793266,-1.4719279240684822,-1.5966949183466186,-3.0252464192733806,-3.224124822520748,-1.7703789954029443,-1.7460918576278037,-1.5480799344071765,-2.078554510548483,-2.1461162760355212,-0.3944011582261866,-1.4578309836563972,-2.310875297281453,-1.9221247332266522,-2.8448082064861677,-1.3067027638540458,-1.310629713836949,-1.5454083493275261,-2.873834049543588,-1.6578044128371956,-3.022209211174796,-2.277777729268265,-2.8159336667964645,-2.561191131938255,-1.882108542316103,-2.624797569840828,-1.995830462282654,-3.4219296261540424,-1.0978677323408992,-2.4202045046790057,-1.9217939077964308,-2.6379865940723306,-2.844822937898347,-0.2688200896109745,-2.1862820828101577,-0.882475937682305,-1.390848502091991,-1.855872276553601
Sample_39,Baseline,-2.1218799548252294,-2.704105506732463,-2.184287316797704,-2.1573803649300367,-2.289773485612272,-2.134903065914505,-1.9044483662280385,-1.463200548589504,-1.9875255659082038,-1.356309006602959,-2.193924070302862,-2.141531114908495,-1.854725195823529,-2.3801073318951818,-1.7816832053727767,-2.5992745136522233,-1.5852624275919287,-1.5508015453918524,-1.4487104966652367,-3.2132419626977216,-2.741833324588559,-1.1239478215125882,-3.4555578258277717,-1.4149204853122566,-2.5366260868545507,-2.0831636239840026,-1.6718938424731902,-2.4888655058705167,-1.7255486411799401,-2.348211193594127,-1.1488865622455449,-2.3059148151752353,-1.7080496165149377,-0.9390194630502751,-1.6341722803582273,-3.5166728303055015,-1.8782718443255406,-1.5448491679012584,-1.0087021076703941,-2.2930041100898504
Sample_40,Suppressed,-2.8441051921780067,-1.8572688126085695,-1.179851653158007,-2.1477307125738125,-1.6714202610384543,-1.9042170471390734,-1.3360420781933458,-2.6238580134422227,-2.2712273357110417,-1.1301766131118312,-2.4102194424058823,-2.44684949521042,-2.419346949080391,-2.581838450743403,-2.3883906414354956,-2.298687666021562,-0.6120975571356326,-1.599244146013441,-2.62674920613164,-3.0851641494637394,-1.5547255990111521,-1.4735626569979416,-2.9862790625998294,-2.052561878155923,-2.8152387808288397,-2.65366313726274,-2.0134969061910106,-1.2426618007882642,-2.5260382057674016,-2.6658695406410082,-2.515481923975815,-2.8534684007006224,-2.480498014391217,-2.299315616329268,-1.949217520343542,-2.3257240467567564,-2.6601936682091005,-2.9680212437514895,-1.889450064545405,-2.4510538471337817
Sample_41,Active,-1.8320937946375144,-2.6058632568697684,-2.197602374961337,-2.3650467811029503,-1.4226759205335853,-2.0364443977017084,-1.754900798320526,-1.6538245590508567,-2.648149491321018,-2.1130956709606954,-1.8860044146902966,-1.3814815680817318,-1.3677548622233284,-2.628320118482627,-2.080214454404045,-2.429445432479361,-2.7891407644088804,-2.5693594382434513,-1.1063517986296671,-2.661703362549739,-1.3961918405922509,-3.578552073302464,-2.609408792377061,-2.6050467191206406,-1.8715874754393933,-1.3775126375679685,-1.69684114326707,-1.931991043293984,-0.9371872255451024,-2.1293076937651296,-2.5879153934959596,-1.8821321223955119,-2.0728496426209286,-2.0978506511326502,-2.317071117659303,-3.765566692032918,-3.2939890025846834,-3.039230541170705,-1.7562772547504495,-1.1327497256981678
Sample_42,Suppressed,-1.7740446392506959,-1.9507536861069055,-2.7539311968821876,-1.5749424304800832,-0.9481842450695326,-2.4353828536964923,-1.5145983628730972,-1.758180632647961,-1.3262711139880987,-2.0830054187317963,-2.8571627285958594,-1.9075969993901778,-2.556965644045551,-0.6347028568854234,-3.3817624473385175,-1.3195513926822753,-1.9856118474591027,-1.9142157856288342,-2.9457338119537195,-1.369897479876569,-0.7277145024991563,-1.7912914932626451,-1.601536639690335,-1.7435723470742919,-2.4977347833802828,-2.683741646777162,-2.008593127715646,-2.607195586393899,-3.066375868086353,-2.4990969992831684,-2.344190774871594,-1.1007065595141587,-2.0843092087170216,-2.4095047787320176,-1.494019273922768,-2.914145076626617,-2.2101015132675728,-1.817898193528222,-2.3454107645294164,-1.2939267253420144
Sample_43,Baseline,-1.6508884693084083,-2.9746615624187935,-1.8026763150608727,-1.1092275517068984,-1.6082031865435065,-2.4471188867556686,-1.9031955616449336,-1.2344987420490838,-1.1727077688055019,-0.8025946608822343,-2.3373264683089046,-1.4164546228182628,-1.8734834702431882,-2.0823245939253328,-1.3945254179109372,-3.0620740637542845,-2.897022632901799,-3.0412782520597155,-2.17725250821365,-1.7944991069754874,-3.211657875053003,-2.098852085579205,-2.141550915140649,-1.8375014476427947,-1.874507430324646,-1.835254703549436,-1.3962086117926527,-1.9878138291010081,-2.522712638861917,-3.775276560632449,-1.6469707766098214,-2.0200958940020772,-2.769488540733381,-2.229617789866578,-2.1816374915328653,-2.5206794748559305,-1.521151027709219,-1.662304217919581,-2.586854787911541,-1.6422362964538912
Sample_44,Baseline,-1.8814904238842256,-1.624773765896414,-2.8458155893065937,-2.173244254650228,-2.991716607926535,-1.1698512068821667,-1.8457356547553627,-1.812768481252461,-2.058789583295175,-2.2822131546368634,-2.7781835060023647,0.07366634610782974,-2.2257277222317935,-1.6502172287471573,-1.1774017260860643,-2.04047101799637,-2.821181405417495,-3.4386899838340987,-1.7255967384519764,-0.7601535924176439,-2.013726628461234,-2.0882739411046574,-2.8294581218292274,-2.895898101418065,-2.7776873956931785,-1.791348851264666,-0.48928793143991256,-1.2588807505086113,-1.6471819800677487,-1.6403836275728456,-1.141021428421542,-1.7548840272298525,-2.413471108454706,-0.9528631222801685,-1.6715965808889859,-1.5728475747328425,-3.126858537545545,-0.8138455764295875,-1.256870987171332,-2.1346507231454592
Sample_45,Suppressed,-1.2060234779787384,-2.7489709305921224,-1.98122479792356,-1.7366310494357462,-2.5242394281617093,-0.6340102098243003,-2.547967431528955,-0.4913614084483773,-1.739738045172972,-1.452926149845567,-1.1947914456005682,-2.485709960266481,-2.3538692167617175,-1.7452017068750174,-2.200472408276094,-2.625874153504583,-2.289431531363755,-1.470302592713057,-2.1044808645779307,-2.153188964275616,-3.568711820362564,-1.9215192807551218,-1.9499379235657965,-1.7376960020485663,-2.045801419057508,-1.449787495854359,-1.9022571011938787,-2.1141557417678083,-0.5405180034046364,-2.6111886771210875,-3.0882129315825337,-3.2967600286668466,-0.299957645566415,-1.625354464954702,-2.489373127427641,-2.4820585241452173,-0.6316266187480908,-1.875261366617603,-1.3824092471292184,-3.7920261903877877
Sample_46,Baseline,-3.1389611755618527,-2.088009030252932,0.11778885212079704,-1.3675884133120613,-2.3246025563943284,-1.8902513671655519,-2.5686935242030975,-4.572100167074515,-1.361321572986331,-3.236951959286416,-2.18412948834409,-3.166767744353045,-3.701514523482553,-2.7091267663736804,-2.322442408241433,-2.399430857013903,-1.8225935906782462,-1.0560912752690543,-1.2878081021183987,-1.9562084657316,-1.5444999311260754,-1.7292346398125467,-1.0567549756126016,-1.7812945676296594,-1.6764227183405827,-2.5003020368461923,-1.9896183713590625,-0.681125539690222,-2.862600517624558,-1.535452693472007,-1.110307315987217,-1.1186079575288859,-1.0053914392010352,-2.6920675442263966,-1.7136316340902922,-2.8060148371598648,-0.5957920742608043,-0.51926495860332,-1.3249729379813153,-2.6947501893079
Sample_47,Baseline,-3.295950581356524,-0.8968244695882182,-3.3941177101253195,-0.8976178044233474,-1.962597865035025,-0.6198876746243323,-1.4492382174846907,-3.1376862821742506,-1.7662783741095107,-1.4396069268105094,-1.3462563466222688,-2.2161888798615945,-2.190460543295232,-2.94914215084488,-3.5091575650539006,-1.4320835018647848,-2.691229244143901,-0.7019205769965486,-0.6172611718227836,-0.972788596871935,-1.699086418323773,-2.590717191571568,-2.036001040391491,-1.5973854059363246,-2.2260117611442953,-3.1300817725470456,-2.238741074669223,-1.1162645231798116,-1.8104918486882104,-1.6609339727957875,-1.529544464637547,-0.7336966923390049,-2.0804747968486117,-0.5933672181776204,-3.3118062197149456,-1.7064888589983038,-1.135867751710269,-2.7353534971587212,-1.317448423609362,-2.285155699043977
Sample_48,Baseline,-2.4351155209926065,-0.5607663993354732,-0.6011249450717013,-2.113752648903816,-0.281241910404157,-2.220277207920933,-3.4390684857222755,-2.108545396200985,-1.3435660741219233,-2.5413370121071726,-2.178993826767413,-1.2141880668724812,-3.125359897936218,-1.260105647889868,-2.532615491241142,-3.095506701158086,-2.573842767321966,-3.493989869433785,-1.175160258428684,-1.4659517762007652,-1.1109573335351306,-1.745422747554011,-2.3918788919957508,-0.9373599411585078,-0.34770783873395406,-2.080583172344813,-2.4944786715772183,-3.193265415485198,-2.772652535097512,-1.650857663027291,-1.6846613486852626,-3.0635407033611752,-1.9752088137722459,-3.2521208041713985,-2.0657085013606404,-1.3612039019083086,-0.8101161271468964,-2.1210291055753636,-1.8248637990224459,-3.382727759793104
Sample_49,Baseline,-1.8636801407172694,-2.736403577186452,-1.1406925938712547,-2.327371678604523,-1.283707537496436,-1.5955193871838818,-3.338912407182423,-1.2132752394258244,-2.6960574303688296,-0.6408812184683184,-0.970237780594736,-1.887375052204114,-1.0312141379759896,-1.841954427495481,-1.9528210080618627,-1.2123275596479248,-1.6346753615232974,-2.8874230036409685,-2.027293693984139,-2.3237490349934573,-1.3292636357957688,-1.6966363828080493,-1.8449266383216627,-1.6380327221126638,-2.6705182527641167,-2.1214211185273744,-0.475655167322941,-1.060995193551662,-3.1137728608461535,-2.185135673303733,-3.5910699537212154,-1.598384255920737,-1.519120499226923,-1.8569394148488096,-1.9813881340456683,-1.9199178794228133,-3.0493519666331945,-2.4080776014576344,-3.1136963586170463,-2.3385525247894074
Sample_50,Suppressed,-2.3516987767395157,-0.9279896125101206,-1.9553852231108309,-2.299416779358536,-2.56998016053276,-1.9272185226946195,-1.2833153412507876,-2.2710059445399087,-2.374566656930985,-2.9193623393905765,-1.3990199606572968,-1.6629937336065728,-1.170905354679014,-3.33388390424958,-1.5762372052253812,-1.100884608062136,-2.90710116648851,-1.5868926058181763,-2.0299897132879776,-1.544060208967158,-2.7777501098266693,-1.329653862972652,-1.254473801013229,-0.8065180653321016,-1.7845934495160027,-1.3124913928825976,-1.8723237501012768,-1.8697930484682195,-1.838971202928431,-1.1132444105176935,-1.0896882147262756,-1.4830956378573044,-4.22706963608451,-2.295632638932395,-2.4043767693807556,-2.37042193607897,-1.4196560516569794,-2.237504833595244,-1.752233008196431,-2.6672700132803326
Sample_51,Suppressed,-1.527146774107818,-1.6659093163532113,-0.9051116399794719,-2.199100913360965,-2.799376181022642,-2.8346599987316585,-3.426368019261586,-2.443129750477184,-1.4315851747242156,-1.4554972805719255,-2.500832565034432,-2.471441765168616,-2.55666714589631,-1.8967926987681467,-1.0709962815138407,-0.8944246270508602,-2.9855190210263114,-3.8649888629377944,-0.6735785719518301,-2.1662083817317095,-0.649332754020125,-2.8515353842855484,-3.121809947517769,-2.7936031137680097,-3.0155703356527574,-1.7176874610398425,-2.0310056601677173,-2.2785635141642238,-2.2830723340456283,-0.8573746563360709,-3.291087022171788,-1.390885877439388,-4.040778337121122,-2.7941229256514397,-1.6565240089891398,-1.7997152714694442,-2.3180493268956557,-0.7261276102685659,-2.9228444293098885,-1.0543561685413438
Sample_52,Suppressed,-1.305441204350776,-2.1878129620643616,-0.351713250340401,-2.87532729925736,-1.8197175722530763,-1.648600183172575,-0.9984391139405877,-1.1349233345651453,-1.6698575298620204,-2.207783672188403,-3.014103660433741,-1.520656179134431,-3.647896282594947,-2.233131068277211,-2.307513950561252,-2.198657837447218,-1.4044305881021104,-0.9553545921124487,-0.9686456186604149,-1.0464484207626732,-0.9379818507717947,-0.614773258064397,-1.8610286919058994,-2.133017511181657,-2.7836167614948453,-1.1660529702095843,-3.2295385276838626,-1.8086273103589279,-0.9003315118250506,-2.386178763713851,-2.7522922341192997,-1.69824515955382,-1.8050615380330042,-1.4186378942116935,-2.1474444449386096,-2.1240735465615175,-2.046208670922282,-1.128198947107992,-2.89664879713472,-1.8815642963153336
Sample_53,Active,-2.642555722850763,-3.6581022069635774,-1.4478469113869976,-2.0238308086752097,-2.3390203452577696,-0.6026345846124461,-1.3145045625963694,-2.012268577607063,-2.015649918584913,-1.1853521966232061,-0.8877363316253852,-2.65506196032601,-1.0322486916583897,-2.5692674080076188,-2.332564530094594,-1.8557215828797242,-1.7270768952951188,-3.1096391144773414,-2.469665722460883,-1.6127681700210177,-3.1830214039425435,-1.2899902493445237,-1.5050302064638428,-3.0710030892747904,-2.1771751392975944,-0.942271806327754,-1.3099818120693731,-1.9739465037476072,-3.195952329327307,-2.1667910889580764,-1.1539503979507388,-1.6023192702195734,-2.291894330777307,-0.3345392927605728,-1.8369035855789007,-0.889441944791542,-3.4889029397266205,-0.6304835791656827,-0.5534899786258713,-2.984535244851416
Sample_54,Suppressed,-1.9663829200537477,-1.8220777940372095,-2.4876082473838825,-2.1892773692522467,-1.1825619664495202,-2.13812516784018,-1.351051065841903,-2.600444818391368,-1.5762107463013904,-1.2141358614942876,-2.2621696805369123,-1.4945291239893916,-1.0608090074570466,-2.513073547960656,-1.2152270087995851,-1.7207215857222964,-1.4167314962799358,-2.1150550382647983,-2.44691965574043,-1.6658728624151202,-2.973457362800861,-2.8103822986762865,-1.9069771559609179,-2.2424061005599656,-2.1424446620613184,-2.122133179651449,-2.3750283471078033,-1.4487449838235018,-2.137378480341983,-1.4741715332128857,-1.6623496487198537,-2.11682507386195,-1.4387580495478522,-2.7608290969587914,-2.6260983733088183,-2.2173789274243108,-1.6190921014530906,-2.2954801750089286,-3.1642506735391707,-1.4194043028965175
Sample_55,Baseline,-2.0108850039973283,-1.4478954110630138,-1.430456406615657,-3.138773501282178,-2.281225854298556,-1.9479361921982008,-2.719633808021236,-2.104320631782199,-1.5580118972297206,-1.7640889659717196,-1.9254116064242717,-1.6238060061704698,-0.8295232338796186,-1.1465605712797609,-1.6349660297299367,-2.667984300820393,-2.3210106615774095,-3.59739727633337,-0.9135722962540931,-1.9748843699826262,-1.6009198751023175,-2.081675713270446,-2.5109267073678216,-3.2865639700543627,-3.1992312493549377,-2.4104534876000248,-1.0747151961166148,-1.6033903395439846,-1.351924723248501,-2.232135689315979,-2.0802026322935006,-1.4413741396998707,-1.883717334118679,-1.9926916005015487,-3.3994447230616007,-1.533063243582992,-1.8235870124039566,-2.260981634612873,-3.644620269990513,-3.251291569254488
Sample_56,Active,-2.241610330482908,-2.9935475648446617,-0.25922143564249156,-1.852508638977029,-2.6440009413131516,-2.1853049735457457,-2.3666739198192133,-1.5052121851864728,-2.0248004443261802,-1.2132906870830373,-2.37906898136065,-1.8172860808357136,-2.6920293096773396,-1.345875920969578,-1.121840612521275,-2.1215154841334267,-2.252364313662082,-2.286805060359054,-2.827613895922778,-2.2913484908380886,-2.085960949032817,-1.1601676919770672,-2.5826523051374277,-1.0485494946711151,-2.5924681633611195,-1.2642516210891912,-2.0652313280530703,-1.9525054439860376,-2.6103360939844524,-2.111532267891528,-3.048244315525233,-0.37222953755667465,-3.573919645053967,-2.01306218257533,-2.178120123506899,-2.2016732366775504,-2.1802964600979813,-1.4044021800678657,-2.884233834723433,-3.5100017166440627
Sample_57,Baseline,-0.9352979538441382,-3.1033998276546475,-3.336546648971539,-1.301693089200347,-1.9734100676111757,-1.0031892961228648,-1.389817387200278,-1.8504188276461275,-2.873895158244694,-1.0583170121147845e-05,-1.6888294919874196,-2.725382944316534,-2.2892149743366597,-1.943974979116196,-1.9762274348785152,-2.3019224424012803,-2.080939979441153,-2.8279783875326077,-1.1953547746954596,-2.352789772507102,-1.9950406902654314,-1.2458060819188363,-2.8813836679150224,-1.107913271720397,-1.543842961037429,-3.6354793245093298,-1.0951410880396943,-1.8951760419628458,-2.4932896221455727,-2.9373715466486052,-1.6250060188196649,-1.3808532809437577,-3.031188371689023,-2.832290763702919,-1.6892817457819094,-2.571333984482284,-2.5516026512932286,-2.839076743156824,-2.236329050282377,-1.6040621983157963
Sample_58,Active,-1.1537937144671198,-2.1266163156475018,-2.924673122660494,-0.5362812725161319,-1.5210336945575895,-1.10575555176205,-1.91145015814779,-2.9401155628268896,-2.5779866686432573,-1.422605123564802,-2.4350294696614005,-2.660817484135832,-1.2839827913777113,-1.7077155287324244,-1.722812333940715,-2.9320680634128395,-2.4355285140591905,-0.09624673468151057,-2.4565769541044324,-0.9215970502141624,-1.1272344174196185,-1.1031759024512888,-3.0882120499781327,-3.3913314776233747,-0.949392564480652,-1.6794748200700815,-2.5790965233455077,-0.8246208896807001,-2.0983670985722487,-1.7998575693451317,-1.2924784794449895,-2.001505775041546,-2.2435153707291606,-1.574954977548341,-2.3148693529778765,-1.3033845922169962,-2.362629044168985,-1.5150014201490798,-2.156258319369059,-1.6738559938905628
Sample_59,Suppressed,-3.1430295173672596,-2.9184013081601465,-2.973582944426214,-2.034564791656819,-1.7419440098519807,-1.4241983294864395,-2.283313961124963,-2.0100416185147405,-0.9790587184333841,-1.5657968038269297,-4.547626065036248,-2.284101521008389,-1.768405851353188,-2.606157727094132,-0.9709625665003117,-2.2732850174851156,-1.4608299056765026,-1.9962764215538438,-3.1461516148450865,-2.3420837727377473,-2.767267630432065,-2.7945326018111447,-3.1579029466691653,-0.997370021435174,-2.056485122013619,-2.1449516479968564,-2.469682480340667,-2.887119728981063,-0.8796764570148485,-1.828538122883318,-1.0124504034007682,-1.6749786845822863,-1.6931786776711237,-1.251418939838316,-1.6764718952554483,-1.450274586214132,-3.5949323741205443,-0.7445280705991941,-2.280680496268425,-0.1143409301004088
Sample_60,Baseline,-1.519598546321189,-2.200369949251929,-2.109140716214012,-2.207243889636343,-1.3950597317718532,-2.4459199023783564,-2.7326426957431913,-2.6811270971199965,-1.6762442320493331,-2.2101143830456076,-2.0989375889380923,-3.0228666003448366,-2.8502379488706278,-2.8094395983123723,-2.4048845875448173,-0.871072341009572,-2.6089334139678466,-1.0620826944434665,-2.3851132782942974,-1.700623011127074,-1.198208074433091,-2.565753268320696,-2.4215299172053504,-2.674935595684646,-1.545002231241253,0.1518055847974984,-2.9089678427366104,-1.1414403276577736,-1.457463710708108,-2.0118372772402244,-2.474162405876195,-2.2446017281726545,-2.208348579725554,-1.076455932847431,-1.243178302205333,-1.8886086491077898,-2.9480575706439285,-3.3905623839291015,-2.4734095261898967,-3.6956457092096557
Sample_61,Suppressed,-1.7958776114438626,-2.1238724766642343,-0.9950214113519098,-0.9992075369221329,-3.0553175170082643,-2.5202801321455732,-0.30902958433556704,-3.8411939883807618,-2.6692007327981035,-1.913802856638251,-1.3594887819612016,-2.099659316722201,-2.852604481538858,-0.9864993298456637,-1.168071596765731,-3.097037771220319,-2.392428679618667,-1.543692127834026,-1.1631491633698667,-2.682377695901291,-2.2504818258901107,-1.8928969384019374,-0.7509702026483094,-3.098370023329532,-2.2939262490392442,-1.6958721470767955,-2.4741791972917095,-2.645124273681593,-1.9645732172009671,-2.953348987760945,-1.5332662210554697,-0.08647967798558609,-2.3604204253018635,-2.8454969760285214,-2.1257162637469813,-2.4110185383354072,-0.9149501629149099,-2.8572523223744604,-1.969502332661613,-1.0906030728337859
Sample_62,Active,-2.50028313230533,-1.1618822006354665,-1.881594010402638,-2.328192444376218,-2.6122067034141074,-0.8915859970834377,-2.420519655187374,-1.9036406326875748,0.10610224316989525,-2.7938139365123456,-2.699178487652463,-1.7159507567877323,-1.8533386849545894,-1.588380506063492,-1.8136960379384657,-1.5016620182558529,-1.9658893575882777,-2.9640285517040565,-1.6641352570213408,-0.6963973334512787,-2.120611430762502,-1.2318479687703903,-3.181198246151616,-2.5993666822425086,-1.7607736394601714,-2.5392907760555428,-1.2308946128297182,-1.0265007129724402,-2.59327664547353,-3.2485045339673024,-3.337354490743692,-1.9999398138635263,-2.7589462094090056,-1.6499072307280047,-2.30276779877999,-1.9802661459504296,-2.711469156688634,-1.451536825989039,-2.315533174033938,-1.8140546167725224
Sample_63,Baseline,-1.3976609742232378,-2.2757304847792605,-1.9776262471187882,-2.1964085843972696,-0.3403515948117257,-1.5642640736130764,-1.8427913850549789,-2.502013955086047,-2.9843414954152054,-2.7206945860360943,-1.5755670587397945,-1.3078989487101145,-2.3223800763576294,-2.4126990699794963,-0.5881050741096789,-3.6374789487435835,-1.9133213994951008,-1.3693685621282392,-1.1242967789196752,-2.094758637513854,-1.2861473158256946,-0.9042789183718511,-1.3582354365894695,-1.7445949998939254,-2.649160645229739,-2.6568914696176966,-2.999607003498927,-3.125338081600881,-1.8817546888344643,-2.7323538629684636,-1.701993946086382,-2.4147159470973563,-2.1267251239476397,-2.415581122570826,-2.373474555213735,-1.823731441620696,-1.1891691031537748,-1.0062124435881765,-2.320313107883899,-1.215207356574705
Sample_64,Baseline,-2.3394262192692215,-2.65177343583993,-2.7039601889623084,-1.0473894640274897,-2.29197839994516,-1.984951663042786,-2.3599411972044413,-1.1511961062335148,-1.8417026265372236,-1.7631477049428455,-1.5879281723667509,-2.7297790975620786,-2.3932362260362314,-1.5062729167284672,-2.559830534998377,-1.5861901236790164,-3.003047910926089,-2.2857321076032795,-2.737269460529222,-2.928133117159911,-1.7958056653467727,-2.206295389253639,-3.239941701269652,-2.532651568868461,-2.082139395978943,-1.164910019577371,-3.016877774889455,-3.2198794713833245,-3.0207103370238793,-1.5054266709998045,-2.1951867916483647,-0.9896674796206408,-2.2142097081292165,-2.485472192392419,-1.4995795338512468,-1.443867501186717,-2.9489749482754766,-2.480538054740386,-2.6553793770124523,-2.3426947713984796
Sample_65,Active,-1.2302357621375677,-2.780999660450602,-2.023874819282182,-1.8900698763551302,-1.8287225371289981,-0.6837124991271477,-1.6408162778825965,-2.265972814823403,-1.3534515925989017,-1.0918415194856226,-2.47262676711542,-3.1614577512469806,-1.6196823981180337,-2.6634256637511715,-1.1821550276037807,-1.439440914682222,-1.0368040434984365,-2.303309788483862,-0.5020212632470853,-2.511411009238179,-0.7821721528119752,-2.4142348535506732,-1.6564321891572182,-0.9058859074382701,-2.776106205310083,-2.562676078435346,-1.459422516149934,-2.597962632213883,-2.3278366688554626,-0.9137545032064383,-2.174473527387806,-3.0175341358898446,-1.016976139311789,-1.8660289721937324,-2.197137602657856,-1.5467794184527603,-3.23229485806347,-2.600575300875034,-1.8662276505648947,-1.3791784149979844
Sample_66,Active,-1.8117350796492038,-2.2407883822595425,-2.0771353388945193,-2.4629515289106356,-2.13107685215918,-1.1118020829181765,-0.911007630745218,-2.601068039702878,-1.5955205597405615,-1.592318246272493,-2.504042549012926,-1.7271030483690772,-1.6568423204257008,-1.4915427614685215,-2.4463970395037142,-3.48634295379078,-1.7187062973597325,-3.1668968762212693,-1.3981171178259069,-1.2424442641467117,-1.822578667246823,-1.9521968461165713,-2.5877743557733517,-2.528982105687725,-1.9391618903477534,-1.827606036570924,-3.178170927411201,-2.1012317150901607,-3.1454683027464636,-1.340070812679923,-1.1479924811024396,-2.8086915969695503,-1.4755644722018095,-2.163507227843611,-1.6129531884992625,-2.7313951279823256,-2.1042309547933655,-2.547964450033203,-1.277671738047438,-1.5274993341046352
Sample_67,Baseline,-1.2915876601650518,-2.5383966405581004,-2.3548510137280276,-2.3471446638948508,-1.9915773147813147,-2.1450622659275127,-1.8522446816543814,-3.0434218092460457,-0.18616623535478105,-2.8143812164253963,-3.840900962860264,-2.080513553937964,-2.811927010472809,-1.3533106386426808,-2.2001545035732377,-2.464369639972746,-1.3216337374877019,-0.9806994632645569,-1.9497394940549744,-1.6907774407625928,-1.347470613206569,-2.7762785387364817,-2.0685959819332793,-2.098703048085545,-2.381774913969101,-1.5828114217366736,-3.123405552379001,-3.04038592487384,-1.6978780149749366,-2.7746893670469084,-2.607067804071711,-2.1855012624839483,-1.7097374384186264,-2.425716206317029,-2.466804009160673,-1.2491569056201206,-1.5773386475219189,-2.0979270775864056,-1.1993469446404328,-3.037313324644659
Sample_68,Suppressed,-2.6479318754489296,-2.4309575847915577,-1.1733121562585782,-2.5264705318211873,-3.1246022461781093,-2.141817665380185,-2.8922037451285534,-1.505173527247811,-2.121354147471326,-2.1898285241573294,-3.4652169677992632,-1.0321018610427668,-1.2706306852742357,-1.9228683938205529,-1.496420783516093,-1.1478978672595592,-1.9456085434766766,-2.175239054539947,-2.555444035180474,-1.861497845688179,-2.006751785050116,-1.5080637332320945,-2.462939328790313,-3.2340516171455107,-1.7028606958878392,-1.3225657916500109,-1.6454034157458197,-3.28957941098851,-4.029823393474946,-2.202868613973647,-1.6460232345853627,-2.7717886008019113,-1.3736057437276474,-3.242075460401173,-2.6954000457830127,-1.038125174811284,-2.557721696446282,-1.9177217749534126,-2.086615046740112,-1.311641916442731
Sample_69,Suppressed,-2.6451139879240873,-1.2810734973161466,-1.7395896407841942,-1.8244200190593842,-0.9310834609630088,-2.4905904334155338,-1.636330763974344,-0.7002116722906537,-3.1189849952240185,-1.825459132746352,-1.3870717336604161,-1.8395948153307362,-1.7745175559090538,-1.7411360064794508,-0.23427730624375087,-2.2705751097116824,-2.283707997641954,-2.13290020493358,-2.845879944411841,-1.9696021861894843,-1.9902956593870367,-1.4806645519795572,-1.8361499339957776,-1.8444190993073413,-1.1418435131513562,-3.3521608203754854,-3.442502139165752,-0.25293085688799977,-2.2354983712891885,-1.8697389526630992,-1.7500973449525183,-2.7455296805196396,-1.9277060020488286,-1.2386961685996094,-1.3579666061961297,-0.42926093287862255,-2.437302814197495,-3.170858351071912,-1.940254442213574,-2.545965164661812
Sample_70,Active,-2.231293897256211,-3.725100126269744,-1.733241963346492,-1.6002239951657273,-2.528069707375818,-3.8807322385763428,-2.5915213556139753,-2.2232642936801246,-2.732701640177454,-2.0806163719584796,-1.5174813883774358,-3.960706499765772,-0.296061048599213,-1.1638094679305984,-2.955673955023591,-3.403250732127412,-1.4868898074686827,-0.8002996036432377,-2.510176991765014,-1.638032405820982,-2.955754491906651,-2.330114870306452,-2.2433987008326386,-1.1660294439623178,-1.082309571552917,-2.207909838461142,-1.9618530010377089,-1.3209938649604822,-1.6083940565944803,-0.8956046825319421,-1.24912921387469,-2.157282831441399,-2.343679117786533,-2.35009162628672,-2.30744376804332,-1.2637800643908133,-2.4901154813378796,-1.4558999792380662,-1.2312460493237996,-1.9538155876058736
Sample_71,Baseline,-1.4859466817869385,-1.23329600149787,-2.0752129072632117,-1.2080182659354084,-1.9978021322792132,-1.9396772768917538,-0.14656301660467674,-2.8195863104118084,-2.3137786691925553,-1.8610568704608725,-2.5429424140888113,-1.8835929124441488,-2.051368749795086,-1.2716443586304942,-2.00611962235674,-1.4609903082574078,-0.8541936241789914,-2.734425738995476,-1.8765625120723919,-2.7611198562684094,-2.936285328957484,-2.7330831968201275,-1.001404458445313,-1.807934302354582,-2.8654419339798443,-1.9610139060891036,-3.1531067157129717,-1.9520882036865508,-1.9090833746133526,-1.1936901420434602,-1.080942792806153,-1.649099492950722,-1.5595268763397925,-4.2698879732682915,-2.2352750067186986,-0.283064563871561,-1.919045443238855,-3.3481900834612923,-1.088767798145625,-1.78579047186122
Sample_72,Suppressed,-2.6668592882285695,-2.6608284858729725,-1.5419300774772569,-2.494711082055105,-3.6066921744956675,-0.7103651258415642,-0.6496082742484388,-1.9730078747058681,-1.6094366121855197,-2.030867900925082,-2.456895108950344,-1.0844573276931602,-1.5494089257309982,-3.1974609895735426,-1.055325466552097,-2.2427013394250412,-3.7808325160037755,-3.195058727925602,-3.4478130090668815,-3.810066744109299,-2.259500665643021,-2.020873494920297,-2.106430724886652,-1.4288067738714145,-3.625148508321781,-2.321005678247353,-0.30237676298960503,-2.4290482403064253,-1.1961691939601131,-2.416310419642284,-1.278489639455957,-2.6488390423500228,-2.1164395413248904,-3.766530502842969,-1.350648937762116,-1.3888131049347638,-2.9046190323794194,-2.0217666739720848,-1.0648700224936327,-3.1267342331084556
Sample_73,Suppressed,-0.9667576415630736,-1.4196639008318583,-2.1242714079053266,-0.8186207358046131,-1.4461133260827406,-3.308841921451628,-3.411495808641784,-2.3189817252609974,-2.6100757883394556,-1.3782246545116852,-2.107579367583302,-2.8482467929585593,-1.4771663395717505,-3.088799331604029,-2.3196032876902537,-2.2970174474184293,-1.552488950966509,-1.4388440961889304,-2.578187298679307,-2.80924194751874,-2.8168416608002302,-3.6879002480170566,-1.8472739639400995,-3.3671873044104528,-2.1922110377206177,-2.832685123636435,-0.7982557174415159,-1.146195092542212,-2.215377226468733,-1.7925868842334507,-2.7418668362079757,-3.954492471304526,-2.2006544152506984,-1.9563149545024379,-1.6199974870133138,-2.6296187692275375,-2.620404964286488,-2.4770574783976067,-2.025625692112801,-3.314066062582241
Sample_74,Suppressed,-2.0669711777863236,-2.0449449461905442,-0.5378344353727438,-2.431866482429151,-2.118797925211828,-2.6161868993741466,-1.528463112927375,-1.91430500024128,-2.1903510586342687,-1.3778013204288384,-3.194871478623428,-2.817451553876222,-2.9002377792664564,-3.779048108787611,-2.5312166666081453,-2.2448875357840747,-2.082772693314151,-0.8147388753791986,-1.3895909502181771,-2.1662892596592895,-2.470173049341451,-2.200476592177502,-0.7903610136660659,-2.35562236191285,-2.5935020250942946,-1.813937606709699,-0.5072966942796391,-2.317939008971167,-2.183873852821346,-2.5418625038233693,-1.5542493431696183,-0.7579840838202816,-2.1871303545321084,-2.228438057965649,-1.6298999231096576,-1.7504047569170031,-2.158657110554058,-1.1324151073019604,-0.9003133493210018,-1.5768854290192111
Sample_75,Active,-2.3994869549524056,-2.9270055156555177,-1.6666388691835825,-2.210943284820046,-1.0663969635683395,-2.4767948560676594,-1.8231139968147059,-1.460103069031049,-1.8085386667878718,-2.284092284564656,-2.9689352270436054,-1.112893596556482,-1.7471376730103365,-1.6375588808312302,-2.0580477044954995,-1.9106288745562612,-1.6322759033009662,-2.231762886938651,-0.8288311803685906,-2.421199534559606,-2.5206616975378235,-1.6119290699407736,-1.9125751764109682,-1.4878676681806473,-0.9830553814458445,-1.3282440622397553,-0.7494943024580354,-1.4502356280172186,-1.7727041662702878,-0.680566325886448,-2.8829796341116434,-1.1034144671708863,-3.0630758071160002,-1.2073551934656692,-2.3338277298850665,-2.3071480490914458,-1.250654835499112,-1.8104676400834792,-0.35729502545642333,-1.638623979724329
Sample_76,Suppressed,-3.5971207284061752,-2.124099419332254,-2.21235620277749,-2.5960503680829117,-1.3625859441981474,-2.294493415680018,-2.1466474111694214,-1.8848597416142172,-2.4154206356275107,-2.3709370758862773,-3.4637595295859747,-2.7913130957664896,-1.2868318577610616,-2.872919805268557,-2.1226342360570722,-1.823693988692251,-2.8044020225678157,-1.844506353389327,-2.4263525846718075,-1.4378752998547213,-1.7254372124220712,-1.7280872284323194,-2.439714582156599,-2.0398519969815783,-1.4880882794713215,-1.4159882062674476,-2.4025016048459644,-1.3868235885343918,-0.7064599726277097,-2.8251889874724254,-1.33914301994259,-2.80615475564961,-2.1019272311968096,-1.8515805809443595,-0.9938914928467764,-1.477338766634288,-1.6739713083749304,-2.7021572448498845,-2.509966033567064,-1.2576236897380102
Sample_77,Suppressed,-2.504121536572603,-1.732806619797993,-1.8405566670334006,-0.7975733118207882,-2.3741117879609432,-3.13269528270009,-2.914652296472404,-2.34243804784414,-2.993723810488273,-1.6439942467832553,-1.4344712944796458,-2.15591938517762,-1.448511475056181,-2.5496452651978476,-3.073116059629434,-2.955071665358478,-2.5696499323802406,-2.4042250862049963,-1.4929399440927424,-2.2651964619655143,-1.3176533042010516,-1.6709425435623373,-2.6818567082927562,-1.550348027802293,-1.9596042154364461,-2.4213901865335474,-2.2663490917938973,-3.1259956768945854,-1.4838248716535838,-1.607514672186691,-1.7704653230025695,-2.1048132507511026,-2.731633197132419,-1.0707753626822294,-2.585282145112487,-1.9445946175422641,-2.9473079094266437,-1.7553778517786969,-2.6355993413491854,-1.936472485349573
Sample_78,Baseline,-1.9151904639795752,-2.5219350511081062,-0.7102908030029247,-2.1525981767458195,-2.1877983937601,-1.4910345154402571,-2.28215011124316,-1.9977887270858998,-1.9526903941636478,0.15903657070187638,-1.6482629453772508,-2.4690708613783485,-1.7642867180270234,-2.6111730927600694,-2.3848887739686457,-1.787819670368484,-2.3936159093103075,-2.62215427762366,-2.1544618966239257,-1.7640789086293458,-1.595956245075599,-1.2905133665773294,-2.8104916496706234,-2.183806754781699,-2.9254071050131394,-2.1828691507640543,-0.7643492189859571,-1.2439911163654669,-2.1460052175493027,-2.2692898790102105,-3.6471938902304197,-2.367807936079344,-1.9980365218384264,-1.9165833700475843,-2.2107539659642135,-1.9369114979139608,-1.8130578522275487,-1.8976537413516976,-1.7984136312914552,-3.2358119922858863
Sample_79,Baseline,-2.2973575037423677,0.1049246181097776,-3.3475435174925963,-0.7957464967351444,-1.9359694093741044,-2.502265717516925,-2.2048422803300953,-1.1864071251561077,-0.8583058280738345,-2.6071870056390503,-0.17561439149154046,-1.6357462730687125,-1.4599465191553018,-2.6393586360685477,-1.5643442739532913,-1.97770301990372,-2.4380830747528486,0.06471837101523192,-2.059850888266351,-2.89583626443532,-2.8949799551670363,-1.2446119779552365,-2.868155777476665,-1.0209664996075816,-2.8517721361419195,-2.9139931061173963,-2.578893138418922,-2.5328632933842683,-1.6557317673300647,-2.3705329626501137,-2.2960590729834345,-1.4508613591055532,-1.2888043799083886,-1.5846506610382818,-2.2639702102315877,-1.6862535132369827,-2.7923594321885927,-1.4133763597913984,-2.0114439200458767,-1.9288009086917381
Sample_80,Active,-1.9790410438075168,-2.6666466850601456,-1.659839060111557,-1.971971205093949,-2.7964803865670937,-2.4527548537903505,-1.2241584568209676,-3.428648351968561,-1.6315997227038808,-2.131896802221923,-3.0072436140958505,-3.346469720354174,-1.2564203098113977,-1.523653270757946,-1.6612022470750156,-2.358561361386944,-1.6116644028089988,-1.786591566163511,-0.376500600258715,-1.1000906140510762,-1.0876598713584078,-1.8912194551251933,-0.791683280707064,-1.7998343732992617,-1.4751830496462737,-0.9264237361756416,-2.224712450675918,-3.3141245977515332,-1.486817384512215,-1.8645064912733305,-1.4641832009796518,-2.3464924806269143,-2.272714130423252,-1.5071019247712079,-2.5150539259412668,-0.5856604897065514,-1.2010114893326422,-1.8763552941340633,-1.0121035743414661,-1.584092344758001
Sample_81,Suppressed,-2.821270624239192,-2.154295090000627,-2.0800685642377794,-2.2672190136510246,-1.9762594509787905,-0.4789558150422448,-2.1888854309819594,-2.6827148563195897,-2.6392774116309603,-1.9062766851966815,-1.6269551063068035,-1.2225909413110656,-1.7471476648848947,-1.9906369699725008,-3.4208243970492442,-2.181755270435699,-0.8270167271760231,-1.9360085986348237,-2.0797126936271946,-2.1562790758411645,-1.6179606492702883,-1.5990718838711246,-1.835396862937582,-1.9053049224443308,-1.7811481160426288,-3.6415968647453547,-2.6060506120185325,-2.1559632948741614,-1.4927850922393406,-0.5138877481066357,-2.3899323808675748,-1.8702277410240922,-2.9366051252495646,-3.6099663505995205,-1.2009121358969637,-2.86905218037721,-2.898223475287893,-3.3080820302893708,-2.660440796362856,-2.4156490622336495
Sample_82,Suppressed,-1.7963583793464362,-1.6389009534392271,-2.056302791757301,-2.9173810889023173,-2.1969447080965145,-2.300108681785275,-1.9783522008138459,-2.0895835896654917,-2.1155835196448805,-1.070063426060082,-2.372095614071095,-2.558883373030272,-4.032744577858319,-1.0046314512110155,-2.4740428335860885,-2.0844955652327912,-1.9343206518156582,-1.8085518164205536,-2.769033122407088,-0.9460976284142784,-2.3793421990398715,-2.850341658750052,-2.2182011349372353,-0.5824688187931377,-2.1764068068808218,-2.684215446332911,-1.2277666585052818,-0.7701237734906847,-0.6811838568741562,-3.3825400831489114,-2.023663619643517,-1.8651068598199383,-1.1273373810714187,-2.397101015870304,-3.175165443530943,-1.800359617441992,-1.2700254543810976,-2.677885417487393,-2.7002478678233297,-1.8784725738230996
Sample_83,Baseline,-1.2269207265358606,-1.1612750716376976,-2.5804755230369993,-1.4972718810398118,-2.3097394464204197,-1.6658767735579858,-2.9178858406226493,-0.9498555105309179,-2.033402392056036,-1.6125870910952127,-1.065037355988053,-2.8310402832442785,-2.726122727029847,-2.190182399863422,-2.122090442741437,-1.8236002597539864,-0.619994927479345,-2.20859708423968,-1.3916215356696517,-3.2095808710354587,-1.935513746259163,-1.0696543775161693,-1.1982663815502645,-1.5350276636894036,-1.637228865802475,-0.5901047498383538,-2.6222346948695687,-2.075151154119166,-2.543380702439813,-2.0224027185527134,-2.007123714292094,-1.9529329480686213,-2.281587528674799,-2.6227168138531267,-1.623544854017113,-2.0676583612413344,-2.721309991266823,-1.8639755618770568,-1.7396875299753067,-1.3042102400465152
Sample_84,Baseline,-1.0971816354203787,-1.3805895923942475,-1.7929445806972324,-0.8571772947947625,-2.7051214692710657,-2.898466640625706,-1.9914612060528463,-3.1470637677377242,-2.112539445067256,-0.09199328804241191,-1.4922654406945925,-2.652173247479634,-2.960203863463526,-1.0576361976186475,-2.1922865324699297,-1.5303538837838198,-2.3447809769344747,-2.5452826626043192,-2.2162258606132994,-1.7582018740997627,-3.3810513668390487,-2.637862440464397,-1.6247446823433767,-1.5280796558522662,-1.6245063274721767,-0.6579103259868886,-1.4288198720270038,-1.441985522561946,-0.7712766337652135,-2.169018242802145,-1.634976776616661,-0.39774483470026434,-0.07475779724471066,-1.214078242842756,-1.8089146707898078,-1.436413543176349,-2.2778894571966193,-3.3924412354286293,-3.698698222090652,-2.412264122447713
Sample_85,Baseline,-1.7607387707378153,-2.0010654416898745,-2.8923357888709282,-2.0907549360239863,-2.1192288332104057,-2.160073021703047,-1.2675999477617954,-1.832809714549548,-2.5729067444012377,-2.2166952414961014,-1.4215943694159674,-2.3493297033985967,-2.7058663615752536,-3.053286598272561,-2.5300603248525517,-2.133188830329286,-1.889436851393693,-1.9927628211641029,-2.424056732824122,-2.218051753255066,-0.07895891647233788,-2.7906114646197486,-2.159819967673653,-1.5876121700738046,-1.9699241649458177,-1.6607505553653739,-1.4269463027622575,-2.7282981133329156,-2.0427658052040294,-2.1189843056491355,-2.504749446824993,-2.479313851205908,-1.5718061343003467,-3.6167274193309513,-2.8112416654933106,-2.2363718737992553,-2.3711972983177803,-1.846904715980184,-2.556278521892988,-1.133752389715231
Sample_86,Suppressed,-3.138716432883151,-1.890283027396049,-1.263599256903485,-0.8053511567419533,-3.445062448678529,-1.1422456242958967,-2.128023286455395,-3.09361851202119,-3.37123194601136,-2.7202333534126133,-3.1505306357392104,-1.4454776457241996,-2.419111346281874,-0.6151170347027208,-3.4182540341377887,-2.091295031123564,-1.8729498836045426,-1.7209213656002447,-2.188424718145277,-1.2025598396981565,-2.297269145165144,-1.55321724375063,-1.4889987599615289,-1.3486068600176835,0.506092366065003,-1.8478577468529924,-1.9380910197162275,-2.2321529583012967,-1.9458564366680045,-1.6438244361137198,-2.223343680206869,-2.7799843441107344,-1.9545006885592326,-1.4236169285336928,-1.5395464739701388,-2.0005528148788807,-2.5048831560807168,-1.7309240367902865,-3.367994786776167,-2.465752321527875
Sample_87,Active,-1.8248223418761076,-1.9194808201250733,-2.613181122595302,-1.9802926075347296,-1.2436823082838182,-2.291776881189442,-2.2606561761945065,-2.0398670877341596,-1.8863010505261808,-1.1397924921799998,-1.9789339715920327,-1.8628248121383064,-2.0363119459291448,-2.6184520510132163,-1.9735332678437758,-3.2215732841257974,-0.6630406074288577,-2.3786456884001614,-3.4644685305527543,-2.395939032640573,-2.986643793853827,-3.0125317600800106,-2.5361876109909485,-2.42239130759511,-1.1932201336165407,-1.3750723605138555,-3.3649207631755638,-1.426739542207438,-2.8607727922376895,-1.76038899165918,-1.7473160570717705,-2.9810987896229104,-2.6213962144468725,-2.6267470110778643,-1.0497928333806315,-1.8302868367301528,-1.4059653506535117,-2.5901989587919942,-2.1501505481598815,-1.7548531316626377
Sample_88,Suppressed,-2.481344352140994,-1.3550465542926848,-2.494902680613425,-0.9327525042191773,-2.421099645019149,-2.360141101586065,-0.5805090623821616,-2.8312536035359734,-3.123112708537813,-1.9773797354224205,0.19630887399221386,-2.6751236998517056,-1.9553418216673664,-1.8523593137461858,-1.4403378848690498,-1.9508258216517835,-2.1873624411486556,-0.8860602261266424,-2.093163335189365,-2.2565477178397186,-1.0740593696117013,-3.4678237085192545,-1.4050956054842325,-2.7759153322745957,-1.2162938614285381,-1.8314840276170088,-2.5584795945900654,-2.6976181778746797,-1.6140325786888756,-2.0143834884988183,-1.7908234206482678,-2.164954187092369,-0.9120706047997227,-2.2148965411352854,-1.326596485163753,-3.4405551490664497,-1.1047832524825187,-2.133992471499057,-0.7321946626837779,-2.0268251781019035
Sample_89,Baseline,-1.6853352517160842,-1.9032573884968462,-3.933329153163868,-2.0283219714259944,-3.31742716116405,-1.2016771600073426,-2.7459395050918243,-1.4987468034842348,-2.499375331689998,-2.912952026419481,-3.2909456129192955,-2.662562734988624,-2.020546418242459,-1.1605560744615688,-1.644061531332873,-2.222917856871429,-2.808783042819223,-1.1529986131763148,-2.034033000139018,-1.6362605953656382,-3.027576190499417,-2.799572637549825,-1.5310650635459462,-2.3647976391001437,-2.5468568668928344,-3.1901879117601033,-1.9145638051991904,-3.2263568253184984,-2.708572470733651,-1.9963193119785336,-2.196385584544916,-2.7635038090414907,-1.5340777996878536,-2.60777866347562,-2.3465042036999844,-1.7429980483197451,-2.0175743977984735,-3.2568169070150166,-3.1935057447234776,-1.7351700553664138
Sample_90,Active,-2.5002756204152967,-0.5044091778022484,-0.9244086304399644,-2.7245611077610943,-1.5146541157712625,-3.927714930297485,-1.234739958463986,-1.2374890423554548,-2.8208868189245893,-1.9039119847575992,-0.22648005199723675,-0.3550383108215698,-1.1040437583834617,-2.0446340909042156,-3.2675529014153915,-2.1536493839771826,-1.5728114699806857,-3.5792405897715063,-2.142517030147736,-1.7006029791139867,-1.652961606501808,-2.2146113357358943,-1.9981127916862307,-3.294045762779172,-0.7372168205382019,-0.8251919902103311,-0.9503669809119724,-2.908918805244749,-2.333410714980682,-2.934680076811932,-2.478760232046628,-1.9643373941324187,-2.252943003721497,-2.417675940548412,-2.40164473878296,-3.4203547713150773,-2.232531769875089,-2.4528482896191086,-0.3253757888328783,-2.5437340528012524
Sample_91,Baseline,-2.096214811400959,-2.4653880753041855,-1.3663222710681042,-2.3279427836102435,-1.8073487789565006,-2.1402048863779237,-1.7197681470487731,-3.037074653163201,-3.345943621326793,-2.055735593704797,-2.385793530467529,-2.695007734285178,-3.550829596109762,-2.35186368018557,-1.8868290303322588,-3.5054501006091683,-1.1930036384872933,-3.2814294848641836,-2.0912806453895922,-1.978596587811397,-2.520215625711475,-2.2282602262195432,-2.1978648302779704,-1.4558074594827193,-1.8756026196745879,-0.6866451622244232,-2.1996160473475435,-1.6238117137892458,-2.3520274482314,-1.6261039710920695,-1.6770650482633729,-1.8224287067505478,-2.8728403940893923,-0.4646410213482892,-2.642862442864146,-2.2771607982427735,-2.827580147509828,-1.0753003284339537,-1.9363833246878954,-1.364173443329003
Sample_92,Active,-1.401414831168708,-1.4681096911911746,-1.7305911560161626,-1.8182019479952356,-1.5803170160970827,-1.124710920672226,-1.0569015469630387,-1.507031012521069,-2.3660328107125763,-1.478038061131156,-2.091320331747374,-2.000642602380525,-4.037617607637111,-2.5196297733899007,-1.4859754999049306,-2.067284157721068,-3.4149023881770324,-3.1831741626889025,-2.090152194768329,-1.24738561960609,-1.9932618329465552,-1.6496198969066067,-1.8142273779369853,-0.920965773719419,-1.4069527996765971,-1.5270895481577726,-0.9286869014631551,-2.315756992891168,-2.1077855764884883,-2.5854314241524263,-2.3296005899873555,-1.2604988315380015,-2.490100570085049,-2.2853591205438466,-1.3689257158122214,-1.2718558198573717,-1.6658865448629807,-2.3024827280066664,-0.43344497013439787,-2.094330562613362
Sample_93,Suppressed,-2.176698118098808,-2.081096232320842,-2.7395706592249827,-1.146465029777115,-2.86696162326042,-1.5712106515354987,-1.5803860386129869,-1.7842943427841826,-1.235293836688275,-2.324698702502224,-0.8342534781304425,-0.6921461647719169,-1.1797345643772856,-2.7642347920106562,-2.771568570173433,-1.6868715583166176,-3.4853815909928527,-1.594700356684541,-1.5716903312977193,-1.1395112103754579,-2.128819633281421,-2.568255499309717,-1.9707762471549934,-2.0144357966922906,-1.826987524178173,-1.696009238791819,-1.077272136220984,-2.826027403922665,-1.2188305344044466,-1.7119154762541338,-1.3366040218384603,-2.2654018024792406,-1.3823870562851577,-0.950788732944942,-2.984705133538588,-2.5156181115048515,-3.1077042265968036,-2.418100652307648,-1.0908418634486945,-3.095410929948176
Sample_94,Active,-1.50842333837804,-1.765369819891379,-1.7974990400243112,-2.630236937951441,-1.7043336807026763,-0.38636773563712,-2.5405086151433194,-2.418014385597983,-1.9824097214160628,-2.3017629878198402,-1.35783569642234,-2.983490676044578,-2.373061168433512,-2.882018054031593,-2.951153480737489,-1.5063273444019216,-2.691032152510581,-1.883512407082376,-1.5944460867068793,-2.1800402670365884,-2.4029525640238854,-2.1246559304234443,-1.311196853145348,-1.8982115625404195,-1.348574246753564,-1.5545868434602252,-2.6846136596891617,-1.1200445462698934,-1.5856709954424453,-1.6886893083149181,-3.29744519887863,-0.6048498675273317,-3.1557208391824734,-1.841691728631949,-1.2395230970438138,-2.6893412459454384,-1.375491297131626,-1.0096633075495887,-2.820747199156033,-1.0665012343140634
Sample_95,Baseline,-1.8734975778680985,-3.014188523014056,-3.0116057152380957,-2.580451535663955,-1.9106822634421838,-2.868445295644883,-1.1365922665133503,-2.4047491813619475,-0.338455719940308,-2.0917368743046576,-2.2555750377397707,-1.1579275635715813,-4.31568770615166,-2.5296374059442757,-1.3892352947755509,-1.5209921695176158,-1.9807270329769575,-1.409579766126571,-1.3224350418856528,-1.0551807297451974,-2.859649657954672,-3.7972499222289153,-2.7841882936956193,-2.0404577037410183,-3.2893081604102514,-2.033815560585286,-2.6714978868010992,-1.5918612606488245,-1.7972193170388833,-0.8233512573914119,-1.3388983582473473,-2.3121659136059884,-1.3542633942858737,-0.4129855253539634,-3.0281773376909253,-2.3978460414714546,-3.3673547354794016,-2.1109074938342682,-1.753482691643341,-1.9321520318256415
Sample_96,Baseline,-2.2243080624001825,-1.0431684128912337,-1.2966427150303135,-1.7378437171469727,-3.3765107101093,-0.6963180986788395,-2.573612065473752,-4.006547665242441,-1.9846055761024728,-3.1345282503349434,-1.2631885641566656,-1.2605787905306023,-1.7415021342677153,-2.3589582911065077,-2.2527910903230106,-1.0541885851141661,-1.4180225024290594,-1.7743813520592988,-1.3852067493736149,-0.9838207051415262,-1.2234567401451322,-1.016416447780736,-0.6887520232865167,-2.0912926027589815,-3.798135171029517,-3.882057338947238,-0.5224291398580552,-0.8821133593184955,-1.1972452403979768,-1.154437609995701,-1.58497506457055,-2.321424747802866,-2.6174935684625655,-1.6167611208229964,-2.217979630328121,-1.9215373287567379,-3.0658660995302807,-0.7850718762328732,-1.332904635945061,-2.8430591107997225
Sample_97,Suppressed,-1.1143424035532659,-3.7512538792447967,-2.7070946151361728,-1.8032946114647705,-1.296496316035173,-2.1684281067066555,-1.9098895255768558,-1.676658703209085,-1.257692350453013,-1.8504672629745715,-1.8450613596262284,-2.1294713134261674,-1.5893976017068936,-2.4310430379718104,-2.3775804798822695,-2.1294842250283907,-2.200214803742577,-1.1072885745045862,-0.8527767328997271,-2.3659307863039367,-1.0305317188090406,-2.107754998697921,-1.9919115386715796,-1.065313588656896,-0.4781839084809141,-1.6198197473487992,-2.7279756829984416,-1.694769810019149,-1.4185465904002281,-1.086277306258578,-2.039851917674084,-2.8397128905889133,-2.867638989875889,-3.0136424892521685,-1.3479941515352407,-2.3378303807992866,-2.907773788338496,-2.601102661558373,-1.9202552458094786,-2.3639920547333113
Sample_98,Active,-1.804370922441731,-2.0434657759075843,-2.0608805446491782,-1.338624323647338,-1.5878028352806264,-2.0327449268637228,-1.5165008674959806,-1.540587539531201,-1.8797326331355309,-1.6658245136449648,-1.7208128600633126,-2.7649266910943178,-1.9220912841292936,-2.6412885693221515,-2.4624852776491664,-3.2264710108469767,-2.382377402457171,-2.011448603415852,-2.626838883082242,-1.5642381313706433,-2.536135909767612,-2.838415078173898,-1.7754475074358431,-2.5239603951621126,-2.8010425932870673,-3.1643925316795225,-1.682654272944503,-0.7538136758610272,-2.5667036806584704,-2.3342811596262165,-2.1449131300989834,-1.247455986280849,-2.8900927729949997,-2.269072853035985,-2.1005405253403735,-1.646041354192301,-3.5980250721140505,-1.5913512425421645,-1.6092166380112065,-1.1702830056074205
Sample_99,Active,-1.7289343013061047,-2.337683451437369,-2.0126979494519643,-2.619997771057812,-2.999406042075368,-2.5323237537983494,-1.494567212590967,-1.8643267444435725,-2.3707310420527663,-3.9024110222321484,-1.0261767365716454,-2.698601237791249,-2.400682063389097,-3.12458539847574,-2.994540304614074,-2.12363212017058,-1.7809589766596665,-0.47032732761748397,-1.790541038362472,-2.1992753268209424,-0.7549670178199779,-1.2844295890529458,-1.0779210543333009,-1.5211457869296705,-2.180245981856927,-2.860687560650258,-0.6409428817201697,-2.3938272512097254,-1.7155355517457447,-0.5296150654022973,-1.5536882228731725,-2.1292761043473045,-2.0720383106867684,-2.8408945893622697,-1.027802966550001,-3.726212405698851,-2.1312526766455453,-1.8553736450739016,-3.332974754733659,-2.0551414692907914
Sample_100,Active,-0.3686571425009113,-1.4550955211612329,-1.6070316188081404,-2.67465579834095,-2.2047765490165085,-1.2870886459696924,-2.5508581711242853,-1.9885749450208348,0.3855900444193434,-1.8302641377257916,-2.22334379957959,-1.6226778798152997,-0.5610814480333699,-1.9040817911917487,-2.528644425069081,-1.9201964374325597,-1.5486622998143211,-2.0086314069410824,-1.5350318594999097,-1.5990496422655975,-2.3905025573079297,-1.6395918002715408,-1.676432765173892,-1.3365312997494965,-2.411322631629908,-2.548920125030481,-3.0502831534097785,-1.4648226876184602,-2.294906695346895,-2.279594531087428,-4.091679899882675,-1.1009110435537115,-2.03520776869291,-1.6476109213398185,-1.122120409623085,-1.8686438966784296,-2.4371188567693007,-1.650437018050489,-1.6627014148056714,-2.332889419262683
